0x96f	#262427	#fcfcfa	#262427,#ff7272,#bcdf59,#ffca58,#49cae4,#a093e2,#aee8f4,#fcfcfa,#545452,#ff8787,#c6e472,#ffd271,#64d2e8,#aea3e6,#baebf6,#fcfcfa
12-bit Rainbow	#040404	#feffff	#000000,#a03050,#40d080,#e09040,#3060b0,#603090,#0090c0,#dbded8,#685656,#c06060,#90d050,#e0d000,#00b0c0,#801070,#20b0c0,#ffffff
3024 Day	#f7f7f7	#4a4543	#090300,#db2d20,#01a252,#fded02,#01a0e4,#a16a94,#b5e4f4,#a5a2a2,#5c5855,#e8bbd0,#3a3432,#4a4543,#807d7c,#d6d5d4,#cdab53,#f7f7f7
3024 Night	#090300	#a5a2a2	#090300,#db2d20,#01a252,#fded02,#01a0e4,#a16a94,#b5e4f4,#a5a2a2,#5c5855,#e8bbd0,#3a3432,#4a4543,#807d7c,#d6d5d4,#cdab53,#f7f7f7
Aardvark Blue	#102040	#dddddd	#191919,#aa342e,#4b8c0f,#dbba00,#1370d3,#c43ac3,#008eb0,#bebebe,#454545,#f05b50,#95dc55,#ffe763,#60a4ec,#e26be2,#60b6cb,#f7f7f7
Aardvark Ink	#0f141f	#b4bcca	#222734,#c26265,#52aa60,#ad9b49,#487fd4,#af5bd1,#269d9a,#5a6377,#3a4152,#e48383,#75cf84,#c7b461,#76a8f2,#d58bf0,#52c4c0,#dfe5ee
Abernathy	#111416	#eeeeec	#000000,#cd0000,#00cd00,#cdcd00,#1093f5,#cd00cd,#00cdcd,#faebd7,#404040,#ff0000,#00ff00,#ffff00,#11b5f6,#ff00ff,#00ffff,#ffffff
Adventure	#040404	#feffff	#040404,#d84a33,#5da602,#eebb6e,#417ab3,#e5c499,#bdcfe5,#dbded8,#685656,#d76b42,#99b52c,#ffb670,#97d7ef,#aa7900,#bdcfe5,#e4d5c7
Adventure Time	#1f1d45	#f8dcc0	#050404,#bd0013,#4ab118,#e7741e,#0f4ac6,#665993,#70a598,#f8dcc0,#4e7cbf,#fc5f5a,#9eff6e,#efc11a,#1997c6,#9b5953,#c8faf4,#f6f5fb
Adwaita	#ffffff	#1d1d20	#1d1d20,#c01c28,#26a269,#a2734c,#12488b,#a347ba,#2aa1b3,#c2c2c2,#5d5d5d,#f66151,#33d17a,#e9ad0c,#2a7bde,#c061cb,#33c7de,#ffffff
Adwaita Dark	#1c1c1f	#ffffff	#241f31,#c01c28,#2ec27e,#f5c211,#1e78e4,#9841bb,#0ab9dc,#c0bfbc,#5e5c64,#ed333b,#57e389,#f8e45c,#51a1ff,#c061cb,#4fd2fd,#f6f5f4
Afterglow	#212121	#d0d0d0	#151515,#ac4142,#7e8e50,#e5b567,#6c99bb,#9f4e85,#7dd6cf,#d0d0d0,#505050,#ac4142,#7e8e50,#e5b567,#6c99bb,#9f4e85,#7dd6cf,#f5f5f5
Aizen Dark	#1a1a1a	#d0d6f0	#1a1a1a,#f08898,#a4e09c,#f5dea4,#84b4f8,#c8a2f4,#90dcd0,#d0d6f0,#444444,#f08898,#a4e09c,#f5dea4,#84b4f8,#c8a2f4,#90dcd0,#ffffff
Aizen Light	#f0f2f6	#4a4d66	#f0f2f6,#d00c36,#3e9e28,#dd8c1a,#1c64f2,#8636ec,#159096,#4a4d66,#adb2bc,#d00c36,#3e9e28,#dd8c1a,#1c64f2,#8636ec,#159096,#4a4d66
Alabaster	#f7f7f7	#000000	#000000,#aa3731,#448c27,#cb9000,#325cc0,#7a3e9d,#0083b2,#f7f7f7,#777777,#f05050,#60cb00,#ffbc5d,#007acc,#e64ce6,#00aacb,#f7f7f7
Alien Blood	#0f1610	#637d75	#112616,#7f2b27,#2f7e25,#717f24,#2f6a7f,#47587f,#327f77,#647d75,#3c4812,#e08009,#18e000,#bde000,#00aae0,#0058e0,#00e0c4,#73fa91
Andromeda	#262a33	#e5e5e5	#000000,#cd3131,#05bc79,#e5e512,#2472c8,#bc3fbc,#0fa8cd,#e5e5e5,#666666,#cd3131,#05bc79,#e5e512,#2472c8,#bc3fbc,#0fa8cd,#e5e5e5
Apple Classic	#2c2b2b	#d5a200	#000000,#c91b00,#00c200,#c7c400,#0225c7,#ca30c7,#00c5c7,#c7c7c7,#686868,#ff6e67,#5ffa68,#fffc67,#6871ff,#ff77ff,#60fdff,#ffffff
Apple System Colors	#1e1e1e	#ffffff	#1a1a1a,#cc372e,#26a439,#cdac08,#0869cb,#9647bf,#479ec2,#98989d,#464646,#ff453a,#32d74b,#ffd60a,#0a84ff,#bf5af2,#76d6ff,#ffffff
Apple System Colors Light	#feffff	#000000	#1a1a1a,#bc4437,#51a148,#c7ad3a,#2e68c5,#8c4bb8,#5e9cbe,#98989d,#464646,#eb5545,#6bd45f,#f8d84a,#3b82f7,#b260ea,#8dd3fb,#ffffff
Arcoiris	#201f1e	#eee4d9	#333333,#da2700,#12c258,#ffc656,#518bfc,#e37bd9,#63fad5,#bab2b2,#777777,#ffb9b9,#e3f6aa,#ffddaa,#b3e8f3,#cbbaf9,#bcffc7,#efefef
Ardoise	#1e1e1e	#eaeaea	#2c2c2c,#d3322d,#588b35,#fca93a,#2465c2,#7332b4,#64e1b8,#f7f7f7,#535353,#fa5852,#8dc252,#ffea51,#6ab5f8,#be68ca,#89ffdb,#fefefe
Argonaut	#0e1019	#fffaf4	#232323,#ff000f,#8ce10b,#ffb900,#008df8,#6d43a6,#00d8eb,#ffffff,#444444,#ff2740,#abe15b,#ffd242,#0092ff,#9a5feb,#67fff0,#ffffff
Arthur	#1c1c1c	#ddeedd	#3d352a,#cd5c5c,#86af80,#e8ae5b,#6495ed,#deb887,#b0c4de,#bbaa99,#554444,#cc5533,#88aa22,#ffa75d,#87ceeb,#996600,#b0c4de,#ddccbb
Atelier Sulphurpool	#202746	#979db4	#202746,#c94922,#ac9739,#c08b30,#3d8fd1,#6679cc,#22a2c9,#979db4,#6b7394,#c76b29,#293256,#5e6687,#898ea4,#dfe2f1,#9c637a,#f5f7ff
Atlas Ragnarok	#000000	#ffffff	#000000,#ff8080,#99ffe4,#2563eb,#a0a0a0,#3b82f6,#99ffe4,#ffffff,#505050,#ff9999,#b3ffe4,#60a5fa,#b0b0b0,#93c5fd,#99ffe4,#ffffff
Atom	#161719	#c5c8c6	#000000,#fd5ff1,#87c38a,#ffd7b1,#85befd,#b9b6fc,#85befd,#e0e0e0,#000000,#fd5ff1,#94fa36,#f5ffa8,#96cbfe,#b9b6fc,#85befd,#e0e0e0
Atom One Dark	#21252b	#abb2bf	#21252b,#e06c75,#98c379,#e5c07b,#61afef,#c678dd,#56b6c2,#abb2bf,#767676,#e06c75,#98c379,#e5c07b,#61afef,#c678dd,#56b6c2,#abb2bf
Atom One Light	#f9f9f9	#2a2c33	#000000,#de3e35,#3f953a,#d2b67c,#2f5af3,#950095,#3f953a,#bbbbbb,#000000,#de3e35,#3f953a,#d2b67c,#2f5af3,#a00095,#3f953a,#ffffff
Aura	#15141b	#edecee	#110f18,#ff6767,#61ffca,#ffca85,#a277ff,#a277ff,#61ffca,#edecee,#4d4d4d,#ffca85,#a277ff,#ffca85,#a277ff,#a277ff,#61ffca,#edecee
Aura Dark	#15141b	#cdccce	#15141b,#ff6767,#61ffca,#ffca85,#a277ff,#61ffca,#a277ff,#cdccce,#464646,#ffca85,#a277ff,#ffca85,#a277ff,#61ffca,#61ffca,#edecee
Aurora	#23262e	#ffca28	#23262e,#f0266f,#8fd46d,#ffe66d,#0321d7,#ee5d43,#03d6b8,#c74ded,#292e38,#f92672,#8fd46d,#ffe66d,#03d6b8,#ee5d43,#03d6b8,#c74ded
Ayu	#0b0e14	#bfbdb6	#11151c,#ea6c73,#7fd962,#f9af4f,#53bdfa,#cda1fa,#90e1c6,#c7c7c7,#686868,#f07178,#aad94c,#ffb454,#59c2ff,#d2a6ff,#95e6cb,#ffffff
Ayu Light	#f8f9fa	#5c6166	#000000,#ea6c6d,#6cbf43,#eca944,#3199e1,#9e75c7,#46ba94,#bababa,#686868,#f07171,#86b300,#f2ae49,#399ee6,#a37acc,#4cbf99,#d1d1d1
Ayu Mirage	#1f2430	#cccac2	#171b24,#ed8274,#87d96c,#facc6e,#6dcbfa,#dabafa,#90e1c6,#c7c7c7,#686868,#f28779,#d5ff80,#ffd173,#73d0ff,#dfbfff,#95e6cb,#ffffff
Banana Blueberry	#191323	#cccccc	#17141f,#ff6b7f,#00bd9c,#e6c62f,#22e8df,#dc396a,#56b6c2,#f1f1f1,#495162,#fe9ea1,#98c379,#f9e46b,#91fff4,#da70d6,#bcf3ff,#ffffff
base16-icy	#021012	#095b67	#021012,#16c2d9,#4dd0e1,#80deea,#00bcd4,#00adc1,#26c6d6,#095b67,#052e34,#b3ebf2,#4dd0e1,#80deea,#00bcd4,#00adc1,#26c6d6,#0c7c7c
Batman	#1b1d1e	#6f6f6f	#1b1d1e,#e6dc44,#c8be46,#f4fd22,#737174,#747271,#62605f,#c6c5bf,#505354,#fff78e,#fff27d,#feed6c,#919495,#9a9a9d,#a3a3a6,#dadbd6
Belafonte Day	#d5ccba	#45373c	#20111b,#be100e,#858162,#eaa549,#426a79,#97522c,#989a9c,#968c83,#5e5252,#be100e,#858162,#eaa549,#426a79,#97522c,#989a9c,#d5ccba
Belafonte Night	#20111b	#968c83	#20111b,#be100e,#858162,#eaa549,#426a79,#97522c,#989a9c,#968c83,#5e5252,#be100e,#858162,#eaa549,#426a79,#97522c,#989a9c,#d5ccba
Birds Of Paradise	#2a1f1d	#e0dbb7	#573d26,#be2d26,#6ba18a,#e99d2a,#5a86ad,#ac80a6,#74a6ad,#e0dbb7,#9b6c4a,#e84627,#95d8ba,#d0d150,#b8d3ed,#d19ecb,#93cfd7,#fff9d5
Black Metal	#000000	#c1c1c1	#000000,#486e6f,#dd9999,#a06666,#888888,#999999,#aaaaaa,#c1c1c1,#404040,#486e6f,#dd9999,#a06666,#888888,#999999,#aaaaaa,#c1c1c1
Black Metal (Bathory)	#000000	#c1c1c1	#000000,#5f8787,#fbcb97,#e78a53,#888888,#999999,#aaaaaa,#c1c1c1,#404040,#5f8787,#fbcb97,#e78a53,#888888,#999999,#aaaaaa,#c1c1c1
Black Metal (Burzum)	#000000	#c1c1c1	#000000,#5f8787,#ddeecc,#99bbaa,#888888,#999999,#aaaaaa,#c1c1c1,#404040,#5f8787,#ddeecc,#99bbaa,#888888,#999999,#aaaaaa,#c1c1c1
Black Metal (Dark Funeral)	#000000	#c1c1c1	#000000,#5f8787,#d0dfee,#5f81a5,#888888,#999999,#aaaaaa,#c1c1c1,#404040,#5f8787,#d0dfee,#5f81a5,#888888,#999999,#aaaaaa,#c1c1c1
Black Metal (Gorgoroth)	#000000	#c1c1c1	#000000,#5f8787,#9b8d7f,#8c7f70,#888888,#999999,#aaaaaa,#c1c1c1,#404040,#5f8787,#9b8d7f,#8c7f70,#888888,#999999,#aaaaaa,#c1c1c1
Black Metal (Immortal)	#000000	#c1c1c1	#000000,#5f8787,#7799bb,#556677,#888888,#999999,#aaaaaa,#c1c1c1,#404040,#5f8787,#7799bb,#556677,#888888,#999999,#aaaaaa,#c1c1c1
Black Metal (Khold)	#000000	#c1c1c1	#000000,#5f8787,#eceee3,#974b46,#888888,#999999,#aaaaaa,#c1c1c1,#404040,#5f8787,#eceee3,#974b46,#888888,#999999,#aaaaaa,#c1c1c1
Black Metal (Marduk)	#000000	#c1c1c1	#000000,#5f8787,#a5aaa7,#626b67,#888888,#999999,#aaaaaa,#c1c1c1,#404040,#5f8787,#a5aaa7,#626b67,#888888,#999999,#aaaaaa,#c1c1c1
Black Metal (Mayhem)	#000000	#c1c1c1	#000000,#5f8787,#f3ecd4,#eecc6c,#888888,#999999,#aaaaaa,#c1c1c1,#404040,#5f8787,#f3ecd4,#eecc6c,#888888,#999999,#aaaaaa,#c1c1c1
Black Metal (Nile)	#000000	#c1c1c1	#000000,#5f8787,#aa9988,#777755,#888888,#999999,#aaaaaa,#c1c1c1,#404040,#5f8787,#aa9988,#777755,#888888,#999999,#aaaaaa,#c1c1c1
Black Metal (Venom)	#000000	#c1c1c1	#000000,#5f8787,#f8f7f2,#79241f,#888888,#999999,#aaaaaa,#c1c1c1,#404040,#5f8787,#f8f7f2,#79241f,#888888,#999999,#aaaaaa,#c1c1c1
Blazer	#0d1926	#d9e6f2	#000000,#b87a7a,#7ab87a,#b8b87a,#7a7ab8,#b87ab8,#7ab8b8,#d9d9d9,#262626,#dbbdbd,#bddbbd,#dbdbbd,#bdbddb,#dbbddb,#bddbdb,#ffffff
Blue Berry Pie	#1c0c28	#babab9	#0a4c62,#99246e,#5cb1b3,#eab9a8,#90a5bd,#9d54a7,#7e83cc,#f0e8d6,#201637,#c87272,#0a6c7e,#7a3188,#39173d,#bc94b7,#5e6071,#0a6c7e
Blue Dolphin	#006984	#c5f2ff	#292d3e,#ff8288,#b4e88d,#f4d69f,#82aaff,#e9c1ff,#89ebff,#d0d0d0,#434758,#ff8b92,#ddffa7,#ffe585,#9cc4ff,#ddb0f6,#a3f7ff,#ffffff
Blue Matrix	#101116	#00a2ff	#101116,#ff5680,#00ff9c,#fffc58,#00b0ff,#d57bff,#76c1ff,#c7c7c7,#686868,#ff6e67,#5ffa68,#fffc67,#6871ff,#d682ec,#60fdff,#ffffff
Bluloco Dark	#282c34	#b9c0cb	#41444d,#fc2f52,#25a45c,#ff936a,#3476ff,#7a82da,#4483aa,#cdd4e0,#8f9aae,#ff6480,#3fc56b,#f9c859,#10b1fe,#ff78f8,#5fb9bc,#ffffff
Bluloco Light	#f9f9f9	#373a41	#373a41,#d52753,#23974a,#df631c,#275fe4,#823ff1,#27618d,#babbc2,#676a77,#ff6480,#3cbc66,#c5a332,#0099e1,#ce33c0,#6d93bb,#d3d3d3
Borland	#0000a4	#ffff4e	#4f4f4f,#ff6c60,#a8ff60,#ffffb6,#96cbfe,#ff73fd,#c6c5fe,#eeeeee,#7c7c7c,#ffb6b0,#ceffac,#ffffcc,#b5dcff,#ff9cfe,#dfdffe,#ffffff
Box	#141d2b	#9fef00	#000000,#cc0403,#19cb00,#cecb00,#0d73cc,#cb1ed1,#0dcdcd,#dddddd,#767676,#f2201f,#23fd00,#fffd00,#1a8fff,#fd28ff,#14ffff,#ffffff
branch	#30231b	#cdc1ac	#32251d,#b55c38,#99a667,#ca9d64,#528c8b,#ba8161,#6f9990,#cdc1ac,#544a46,#b55c38,#99a667,#ca9d64,#528c8b,#ba8161,#6f9990,#cdc1ac
Breadog	#f1ebe6	#362c24	#362c24,#b10b00,#007232,#8b4c00,#005cb4,#9b0097,#006a78,#baa99d,#514337,#de1100,#008f40,#ae6000,#0074e1,#c300bd,#008697,#eae1da
Breeze	#31363b	#eff0f1	#31363b,#ed1515,#11d116,#f67400,#1d99f3,#9b59b6,#1abc9c,#eff0f1,#7f8c8d,#c0392b,#1cdc9a,#fdbc4b,#3daee9,#8e44ad,#16a085,#fcfcfc
Bright Lights	#191919	#b3c9d7	#191919,#ff355b,#b7e876,#ffc251,#76d4ff,#ba76e7,#6cbfb5,#c2c8d7,#191919,#ff355b,#b7e876,#ffc251,#76d5ff,#ba76e7,#6cbfb5,#c2c8d7
Broadcast	#2b2b2b	#e6e1dc	#000000,#da4939,#519f50,#ffd24a,#6d9cbe,#d0d0ff,#6e9cbe,#ffffff,#323232,#ff7b6b,#83d182,#ffff7c,#9fcef0,#ffffff,#a0cef0,#ffffff
Brogrammer	#131313	#d6dbe5	#1f1f1f,#f81118,#2dc55e,#ecba0f,#2a84d2,#4e5ab7,#1081d6,#d6dbe5,#d6dbe5,#de352e,#1dd361,#f3bd09,#1081d6,#5350b9,#0f7ddb,#ffffff
Builtin Dark	#000000	#bbbbbb	#000000,#bb0000,#00bb00,#bbbb00,#0000bb,#bb00bb,#00bbbb,#bbbbbb,#555555,#ff5555,#55ff55,#ffff55,#5555ff,#ff55ff,#55ffff,#ffffff
Builtin Light	#ffffff	#000000	#000000,#bb0000,#00bb00,#bbbb00,#0000bb,#bb00bb,#00bbbb,#bbbbbb,#555555,#ff5555,#55ff55,#ffff55,#5555ff,#ff55ff,#55ffff,#ffffff
Builtin Pastel Dark	#000000	#bbbbbb	#4f4f4f,#ff6c60,#a8ff60,#ffffb6,#96cbfe,#ff73fd,#c6c5fe,#eeeeee,#7c7c7c,#ffb6b0,#ceffac,#ffffcc,#b5dcff,#ff9cfe,#dfdffe,#ffffff
Builtin Tango Dark	#000000	#ffffff	#000000,#cc0000,#4e9a06,#c4a000,#3465a4,#75507b,#06989a,#d3d7cf,#555753,#ef2929,#8ae234,#fce94f,#729fcf,#ad7fa8,#34e2e2,#eeeeec
Builtin Tango Light	#ffffff	#000000	#000000,#cc0000,#4e9a06,#c4a000,#3465a4,#75507b,#06989a,#d3d7cf,#555753,#ef2929,#8ae234,#fce94f,#729fcf,#ad7fa8,#34e2e2,#eeeeec
C64	#40318d	#7869c4	#090300,#883932,#55a049,#bfce72,#40318d,#8b3f96,#67b6bd,#ffffff,#000000,#883932,#55a049,#bfce72,#40318d,#8b3f96,#67b6bd,#f7f7f7
Calamity	#2f2833	#d5ced9	#2f2833,#fc644d,#a5f69c,#e9d7a5,#3b79c7,#f92672,#74d3de,#d5ced9,#7e6c88,#fc644d,#a5f69c,#e9d7a5,#3b79c7,#f92672,#74d3de,#ffffff
Carbonfox	#161616	#f2f4f8	#282828,#ee5396,#25be6a,#08bdba,#78a9ff,#be95ff,#33b1ff,#dfdfe0,#484848,#f16da6,#46c880,#2dc7c4,#8cb6ff,#c8a5ff,#52bdff,#e4e4e5
Catppuccin Frappe	#303446	#c6d0f5	#51576d,#e78284,#a6d189,#e5c890,#8caaee,#f4b8e4,#81c8be,#b5bfe2,#626880,#eda0a2,#b9dba2,#ecd7ae,#adc2f3,#f38ed8,#98d2ca,#a5adce
Catppuccin Latte	#eff1f5	#4c4f69	#bcc0cc,#d20f39,#40a02b,#df8e1d,#1e66f5,#ea76cb,#179299,#5c5f77,#acb0be,#e7103f,#46b02f,#e49931,#3878f6,#ef95d7,#19a1a8,#6c6f85
Catppuccin Macchiato	#24273a	#cad3f5	#494d64,#ed8796,#a6da95,#eed49f,#8aadf4,#f5bde6,#8bd5ca,#b8c0e0,#5b6078,#f2a7b2,#bde3b0,#f4e3c1,#adc5f7,#f493da,#a5ded6,#a5adcb
Catppuccin Mocha	#1e1e2e	#cdd6f4	#45475a,#f38ba8,#a6e3a1,#f9e2af,#89b4fa,#f5c2e7,#94e2d5,#bac2de,#585b70,#f7aec2,#c2ecbf,#fcd682,#aeccfc,#f398da,#b1eae1,#a6adc8
CGA	#000000	#aaaaaa	#000000,#aa0000,#00aa00,#aa5500,#0000aa,#aa00aa,#00aaaa,#aaaaaa,#555555,#ff5555,#55ff55,#ffff55,#5555ff,#ff55ff,#55ffff,#ffffff
Chalk	#2b2d2e	#d2d8d9	#7d8b8f,#b23a52,#789b6a,#b9ac4a,#2a7fac,#bd4f5a,#44a799,#d2d8d9,#888888,#f24840,#80c470,#ffeb62,#4196ff,#fc5275,#53cdbd,#d2d8d9
Chalkboard	#29262f	#d9e6f2	#000000,#c37372,#72c373,#c2c372,#7372c3,#c372c2,#72c2c3,#d9d9d9,#323232,#dbaaaa,#aadbaa,#dadbaa,#aaaadb,#dbaada,#aadadb,#ffffff
Challenger Deep	#1e1c31	#cbe1e7	#141228,#ff5458,#62d196,#ffb378,#65b2ff,#906cff,#63f2f1,#a6b3cc,#565575,#ff8080,#95ffa4,#ffe9aa,#91ddff,#c991e1,#aaffe4,#cbe3e7
Chester	#2c3643	#ffffff	#080200,#fa5e5b,#16c98d,#ffc83f,#288ad6,#d34590,#28ddde,#e7e7e7,#6f6b68,#fa5e5b,#16c98d,#feef6d,#278ad6,#d34590,#27dede,#ffffff
Ciapre	#191c27	#aea47a	#181818,#810009,#48513b,#cc8b3f,#576d8c,#724d7c,#5c4f4b,#aea47f,#555555,#ac3835,#a6a75d,#dcdf7c,#3097c6,#d33061,#f3dbb2,#f4f4f4
Citruszest	#121212	#bfbfbf	#404040,#ff5454,#00cc7a,#ffd400,#00bfff,#ff90fe,#48d1cc,#bfbfbf,#808080,#ff1a75,#1affa3,#ffff00,#33cfff,#ffb2fe,#00fff2,#f9f9f9
Claude	#faf9f5	#141413	#c15f3c,#788c5d,#b16803,#6a9bcc,#8b6cb0,#2e8b8b,#b5b3a9,#3d3d3c,#d97757,#8fa86b,#d4952b,#7bafd4,#a080c8,#4eaaaa,#bab9b5,#141413
Claude Dark	#262624	#e5e4e1	#888681,#d47563,#9aca86,#e8c96b,#6a9bcc,#9b87f5,#3cbe8c,#e2e1da,#a6a59b,#f4a9a9,#a8d166,#fab319,#9fc5f4,#f3aac5,#79d7b3,#efeeeb
Claude Light	#faf9f5	#141413	#0a0a0a,#a84b3a,#2e7c4c,#8a6220,#184e95,#882b4d,#066049,#b6b5aa,#51504d,#e34a4a,#639900,#b87700,#3886e5,#d55382,#199f70,#e2e1da
Clear Dark	#212734	#e6e6e6	#35424c,#b45648,#6caa71,#c4ac62,#6d96b4,#bd7bcd,#7ccbcd,#dee5eb,#465c6d,#df6c5a,#79be7e,#e5c872,#67b5ed,#d389e5,#84dde0,#e5eff5
Clear Light	#ffffff	#3a4851	#2d3840,#b45648,#6caa71,#c4ac62,#5685a8,#ad64be,#69c6c9,#b4bbbf,#506573,#df6c5a,#79be7e,#d8bb65,#49a2e1,#d389e5,#5ec7cb,#d8e1e7
CLRS	#ffffff	#262626	#000000,#f8282a,#328a5d,#fa701d,#135cd0,#9f00bd,#33c3c1,#b3b3b3,#555753,#fb0416,#2cc631,#fdd727,#1670ff,#e900b0,#3ad5ce,#eeeeec
Cobalt Neon	#142838	#8ff586	#142631,#ff2320,#3ba5ff,#e9e75c,#8ff586,#781aa0,#8ff586,#ba46b2,#fff688,#d4312e,#8ff586,#e9f06d,#3c7dd2,#8230a7,#6cbc67,#8ff586
Cobalt Next	#1b2b34	#d8dee9	#000000,#ed5f7d,#99c794,#fac863,#5a9bcf,#c5a5c5,#5fb3b3,#d8dee9,#65737e,#d6838c,#c1dcbe,#ffde9b,#8abee7,#edcded,#9be2e2,#ffffff
Cobalt Next Dark	#0f1c23	#d8dee9	#282f36,#e6576a,#99c794,#fac863,#5a9bcf,#c5a5c5,#5fb3b3,#d8dee9,#65737e,#d6838c,#c1dcbe,#ffde9b,#8abee7,#edcded,#9be2e2,#ffffff
Cobalt Next Minimal	#0f1c23	#d8dee9	#343d46,#ed6f7d,#99c794,#fac863,#5a9bcf,#c5a5c5,#5fb3b3,#d8dee9,#65737e,#d6838c,#c1dcbe,#ffde9b,#8abee7,#edcded,#9be2e2,#ffffff
Cobalt2	#132738	#ffffff	#000000,#ff0000,#38de21,#ffe50a,#1460d2,#ff005d,#00bbbb,#bbbbbb,#555555,#f40e17,#3bd01d,#edc809,#5555ff,#ff55ff,#6ae3fa,#ffffff
Coffee Theme	#f5deb3	#000000	#000000,#c91b00,#00c200,#c7c400,#0225c7,#ca30c7,#00c5c7,#c7c7c7,#686868,#ff6e67,#5ffa68,#fffc67,#6871ff,#ff77ff,#60fdff,#ffffff
Cool Night	#010c18	#ecdef4	#0b3b61,#ff3a3a,#52ffd0,#fff383,#1376f9,#c792ea,#ff5ed4,#16fda2,#63686d,#ff54b0,#74ffd8,#fcf5ae,#388eff,#ae81ff,#ff6ad7,#60fbbf
Crayon Pony Fish	#150707	#68525a	#2b1b1d,#91002b,#579524,#ab311b,#8c87b0,#692f50,#e8a866,#68525a,#3d2b2e,#c5255d,#8dff57,#c8381d,#cfc9ff,#fc6cba,#ffceaf,#b0949d
Cursor Dark	#141414	#d4d4d4	#242424,#fc6b83,#3fa266,#d2943e,#81a1c1,#b48ead,#88c0d0,#e4e4e4,#4a4a4a,#fc6b83,#70b489,#f1b467,#87a6c4,#b48ead,#88c0d0,#e4e4e4
Cursor Light	#f3f3f3	#252525	#252525,#cf2d56,#1f8a65,#a16900,#3c7cab,#b8448b,#4c7f8c,#afafaf,#5c5c5c,#e75e78,#55a583,#c08532,#6299c3,#d06ba6,#6f9ba6,#ffffff
Cutie Pro	#181818	#d5d0c9	#000000,#f56e7f,#bec975,#f58669,#42d9c5,#d286b7,#37cb8a,#d5c3c3,#88847f,#e5a1a3,#e8d6a7,#f1bb79,#80c5de,#b294bb,#9dccbb,#ffffff
Cyberdyne	#151144	#00ff92	#080808,#ff8373,#00c172,#d2a700,#0071cf,#ff90fe,#6bffdd,#f1f1f1,#2e2e2e,#ffc4be,#d6fcba,#fffed5,#c2e3ff,#ffb2fe,#e6e7fe,#ffffff
Cyberpunk	#332a57	#e5e5e5	#000000,#ff7092,#00fbac,#fffa6a,#00bfff,#df95ff,#86cbfe,#ffffff,#000000,#ff8aa4,#21f6bc,#fff787,#1bccfd,#e6aefe,#99d6fc,#ffffff
Cyberpunk Scarlet Protocol	#101116	#d13554	#101116,#ea3356,#64d98c,#faf968,#306fb1,#ba3ec1,#59c2c6,#c7c7c7,#686868,#ed776d,#8df77a,#fefc7f,#6a71f6,#ae40e4,#8efafd,#ffffff
cyberpunk-icy	#0a0a0f	#d4b3f7	#1a1a2e,#ff0055,#00ff9f,#fffc00,#7b2fff,#ff00ff,#00ffff,#d4b3f7,#2a2a4e,#ff3377,#33ffb2,#fffe33,#9955ff,#ff55ff,#55ffff,#ffffff
Dalton Dark	#1b1b1b	#c8c9cc	#282828,#d85050,#5b914e,#c4c40c,#7aa2f7,#a050d0,#56717f,#b8b8b8,#494949,#f07068,#88b97d,#eded02,#97b1f1,#c070f0,#6691a7,#d8d8d8
Dark Modern	#1f1f1f	#cccccc	#272727,#f74949,#2ea043,#9e6a03,#0078d4,#d01273,#1db4d6,#cccccc,#5d5d5d,#dc5452,#23d18b,#f5f543,#3b8eea,#d670d6,#29b8db,#e5e5e5
Dark Pastel	#000000	#ffffff	#000000,#ff5555,#55ff55,#ffff55,#5555ff,#ff55ff,#55ffff,#bbbbbb,#555555,#ff5555,#55ff55,#ffff55,#5555ff,#ff55ff,#55ffff,#ffffff
Dark+	#1e1e1e	#cccccc	#000000,#cd3131,#0dbc79,#e5e510,#2472c8,#bc3fbc,#11a8cd,#e5e5e5,#666666,#f14c4c,#23d18b,#f5f543,#3b8eea,#d670d6,#29b8db,#e5e5e5
Darkermatrix	#070c0e	#28380d	#091013,#002e18,#6fa64c,#595900,#00cb6b,#412a4d,#125459,#002e19,#333333,#00381d,#90d762,#e2e500,#00ff87,#412a4d,#176c73,#00381e
Darkmatrix	#070c0e	#3e5715	#091013,#006536,#6fa64c,#7e8000,#2c9a84,#452d53,#114d53,#006536,#333333,#00733d,#90d762,#e2e500,#46d8b8,#4a3059,#12545a,#006536
Darkside	#222324	#bababa	#000000,#e8341c,#68c256,#f2d42c,#1c98e8,#8e69c9,#1c98e8,#bababa,#000000,#e05a4f,#77b869,#efd64b,#387cd3,#957bbe,#3d97e2,#bababa
Dawnfox	#faf4ed	#575279	#575279,#b4637a,#618774,#ea9d34,#286983,#907aa9,#56949f,#e5e9f0,#5f5695,#c26d85,#629f81,#eea846,#2d81a3,#9a80b9,#5ca7b4,#e6ebf3
Dayfox	#f6f2ee	#3d2b5a	#352c24,#a5222f,#396847,#ac5402,#2848a9,#6e33ce,#287980,#f2e9e1,#534c45,#b3434e,#577f63,#b86e28,#4863b6,#8452d5,#488d93,#f4ece6
Deep	#090909	#cdcdcd	#000000,#d70005,#1cd915,#d9bd26,#5665ff,#b052da,#50d2da,#e0e0e0,#535353,#fb0007,#22ff18,#fedc2b,#9fa9ff,#e09aff,#8df9ff,#ffffff
Desert	#333333	#ffffff	#4d4d4d,#ff2b2b,#98fb98,#f0e68c,#cd853f,#ffdead,#ffa0a0,#f5deb3,#555555,#ff5555,#55ff55,#ffff55,#87ceff,#ff55ff,#ffd700,#ffffff
Detuned	#000000	#c7c7c7	#171717,#ea5386,#b3e153,#e4da81,#4192d3,#8f3ef6,#6cb4d5,#c7c7c7,#686868,#ea86ac,#c5e280,#fdf38f,#55bbf9,#b9a0f9,#7fd4fb,#ffffff
Dimidium	#141414	#bab7b6	#000000,#cf494c,#60b442,#db9c11,#0575d8,#af5ed2,#1db6bb,#bab7b6,#817e7e,#ff643b,#37e57b,#fccd1a,#688dfd,#ed6fe9,#32e0fb,#dee3e4
Dimmed Monokai	#1f1f1f	#b9bcba	#3a3d43,#be3f48,#879a3b,#c5a635,#4f76a1,#855c8d,#578fa4,#b9bcba,#888987,#fb001f,#0f722f,#c47033,#186de3,#fb0067,#2e706d,#fdffb9
Django	#0b2f20	#f8f8f8	#000000,#fd6209,#41a83e,#ffe862,#245032,#f8f8f8,#9df39f,#ffffff,#323232,#ff943b,#73da70,#ffff94,#568264,#ffffff,#cfffd1,#ffffff
Django Reborn Again	#051f14	#dadedc	#000000,#fd6209,#41a83e,#ffe862,#245032,#f8f8f8,#9df39f,#ffffff,#323232,#ff943b,#73da70,#ffff94,#568264,#ffffff,#cfffd1,#ffffff
Django Smooth	#245032	#f8f8f8	#000000,#fd6209,#41a83e,#ffe862,#989898,#f8f8f8,#9df39f,#e8e8e7,#323232,#ff943b,#73da70,#ffff94,#cacaca,#ffffff,#cfffd1,#ffffff
Dogxi Misty	#282a35	#eff0eb	#000000,#ec675e,#a6e173,#e6bf7b,#aceafb,#ed73be,#82dbeb,#f1f1f0,#686868,#ec675e,#a6e173,#e8c88a,#aceafb,#ed73be,#9cdeee,#f1f1f0
Doom One	#282c34	#bbc2cf	#000000,#ff6c6b,#98be65,#ecbe7b,#a9a1e1,#c678dd,#51afef,#bbc2cf,#000000,#ff6655,#99bb66,#ecbe7b,#a9a1e1,#c678dd,#51afef,#bfbfbf
Doom Peacock	#2b2a27	#ede0ce	#1c1f24,#cb4b16,#26a6a6,#bcd42a,#2a6cc6,#a9a1e1,#5699af,#ede0ce,#2b2a27,#ff5d38,#98be65,#e6f972,#51afef,#c678dd,#46d9ff,#dfdfdf
Dot Gov	#262c35	#ebebeb	#191919,#bf091d,#3d9751,#f6bb34,#17b2e0,#7830b0,#8bd2ed,#ffffff,#191919,#bf091d,#3d9751,#f6bb34,#17b2e0,#7830b0,#8bd2ed,#ffffff
Dracula	#282a36	#f8f8f2	#21222c,#ff5555,#50fa7b,#f1fa8c,#bd93f9,#ff79c6,#8be9fd,#f8f8f2,#6272a4,#ff6e6e,#69ff94,#ffffa5,#d6acff,#ff92df,#a4ffff,#ffffff
Dracula+	#212121	#f8f8f2	#21222c,#ff5555,#50fa7b,#ffcb6b,#82aaff,#c792ea,#8be9fd,#f8f8f2,#545454,#ff6e6e,#69ff94,#ffcb6b,#d6acff,#ff92df,#a4ffff,#f8f8f2
Duckbones	#0e101a	#ebefc0	#0e101a,#e03600,#5dcd97,#e39500,#00a3cb,#795ccc,#00a3cb,#ebefc0,#2b2f46,#ff4821,#58db9e,#f6a100,#00b4e0,#b3a1e6,#00b4e0,#b3b692
Duotone Dark	#1f1d27	#b7a1ff	#1f1d27,#d9393e,#2dcd73,#d9b76e,#ffc284,#de8d40,#2488ff,#b7a1ff,#353147,#d9393e,#2dcd73,#d9b76e,#ffc284,#de8d40,#2488ff,#eae5ff
Duskfox	#232136	#e0def4	#393552,#eb6f92,#a3be8c,#f6c177,#569fba,#c4a7e7,#9ccfd8,#e0def4,#47407d,#f083a2,#b1d196,#f9cb8c,#65b1cd,#ccb1ed,#a6dae3,#e2e0f7
Earthsong	#292520	#e5c7a9	#121418,#c94234,#85c54c,#f5ae2e,#1398b9,#d0633d,#509552,#e5c6aa,#675f54,#ff645a,#98e036,#e0d561,#5fdaff,#ff9269,#84f088,#f6f7ec
Electron Highlighter	#24283b	#a8b5d1	#15161e,#f7768e,#58ffc7,#ffecb8,#82aaff,#d2a6ef,#5ce1ff,#7586b3,#4e5b88,#f7768e,#58ffc7,#ffecb8,#82aaff,#d2a6ef,#5ce1ff,#c5cde0
Electron Highlighter Day	#eef0f5	#2f3b54	#c2c6d4,#f52a65,#10a877,#df8e1d,#366ff0,#8b4fe0,#0a9fbf,#59647e,#7b88a8,#f52a65,#10a877,#df8e1d,#366ff0,#8b4fe0,#0a9fbf,#2f3b54
Elegant	#292b31	#cfd2d6	#0c1221,#ea335b,#95ca9a,#f7cd94,#93aadd,#bf94e5,#8ccaec,#ffffff,#575656,#ea335b,#95ca9a,#f7cd94,#93aadd,#bf94e5,#5faae9,#ffffff
Elemental	#22211d	#807a74	#3c3c30,#98290f,#479a43,#7f7111,#497f7d,#7f4e2f,#387f58,#807974,#555445,#e0502a,#61e070,#d69927,#79d9d9,#cd7c54,#59d599,#fff1e9
Elementary	#181818	#efefef	#242424,#d71c15,#5aa513,#fdb40c,#063b8c,#e40038,#2595e1,#efefef,#4b4b4b,#fc1c18,#6bc219,#fec80e,#0955ff,#fb0050,#3ea8fc,#8c00ec
Embark	#1e1c31	#eeffff	#1e1c31,#f0719b,#a1efd3,#ffe9aa,#57c7ff,#c792ea,#87dfeb,#f8f8f2,#585273,#f02e6e,#2ce592,#ffb378,#1da0e2,#a742ea,#63f2f1,#a6b3cc
Embers Dark	#16130f	#a39a90	#16130f,#826d57,#57826d,#6d8257,#6d5782,#82576d,#576d82,#a39a90,#5a5047,#828257,#2c2620,#433b32,#8a8075,#beb6ae,#825757,#dbd6d1
Emerald Synth	#0d0221	#00ffcc	#0a0118,#ff2a6d,#00e67e,#ffcc66,#8b9cf7,#ff79c6,#4dd0e1,#f0e6ff,#6a5585,#ff5c8a,#40ffdd,#ffe099,#b0b8fc,#ff9ed0,#7ee0ec,#ffffff
ENCOM	#000000	#00a595	#000000,#9f0000,#008b00,#ffd000,#0081ff,#bc00ca,#008b8b,#bbbbbb,#555555,#ff0000,#00ee00,#ffff00,#0000ff,#ff00ff,#00cdcd,#ffffff
Espresso	#323232	#ffffff	#353535,#d25252,#a5c261,#ffc66d,#6c99bb,#d197d9,#bed6ff,#eeeeec,#535353,#f00c0c,#c2e075,#e1e48b,#8ab7d9,#efb5f7,#dcf4ff,#ffffff
Espresso Libre	#2a211c	#b8a898	#000000,#cc0000,#1a921c,#f0e53a,#0066ff,#c5656b,#06989a,#d3d7cf,#555753,#ef2929,#9aff87,#fffb5c,#43a8ed,#ff818a,#34e2e2,#eeeeec
Everblush	#141b1e	#dadada	#232a2d,#e57474,#8ccf7e,#e5c76b,#67b0e8,#c47fd5,#6cbfbf,#b3b9b8,#2d3437,#ef7e7e,#96d988,#f4d67a,#71baf2,#ce89df,#67cbe7,#bdc3c2
Everforest Dark Hard	#1e2326	#d3c6aa	#7a8478,#e67e80,#a7c080,#dbbc7f,#7fbbb3,#d699b6,#83c092,#f2efdf,#a6b0a0,#f85552,#8da101,#dfa000,#3a94c5,#df69ba,#35a77c,#fffbef
Everforest Dark Med	#232a2e	#d3c6aa	#7a8478,#e67e80,#a7c080,#dbbc7f,#7fbbb3,#d699b6,#83c092,#f2efdf,#a6b0a0,#f85552,#8da101,#dfa000,#3a94c5,#df69ba,#35a77c,#fffbef
Everforest Dark Soft	#293136	#d3c6aa	#7a8478,#e67e80,#a7c080,#dbbc7f,#7fbbb3,#d699b6,#83c092,#f2efdf,#a6b0a0,#f85552,#8da101,#dfa000,#3a94c5,#df69ba,#35a77c,#fffbef
Everforest Light Hard	#f2efdf	#5c6a72	#7a8478,#e67e80,#a7c080,#dbbc7f,#7fbbb3,#d699b6,#83c092,#f2efdf,#a6b0a0,#f85552,#8da101,#dfa000,#3a94c5,#df69ba,#35a77c,#fffbef
Everforest Light Med	#efebd4	#5c6a72	#7a8478,#e67e80,#a7c080,#dbbc7f,#7fbbb3,#d699b6,#83c092,#f2efdf,#a6b0a0,#f85552,#8da101,#dfa000,#3a94c5,#df69ba,#35a77c,#fffbef
Everforest Light Soft	#e5dfc5	#5c6a72	#7a8478,#e67e80,#a7c080,#dbbc7f,#7fbbb3,#d699b6,#83c092,#f2efdf,#a6b0a0,#f85552,#8da101,#dfa000,#3a94c5,#df69ba,#35a77c,#fffbef
Fahrenheit	#000000	#ffffce	#1d1d1d,#cda074,#9e744d,#fecf75,#720102,#734c4d,#979797,#ffffce,#000000,#fecea0,#cc734d,#fd9f4d,#cb4a05,#4e739f,#fed04d,#ffffff
Fairyfloss	#5a5475	#f8f8f2	#040303,#f92672,#c2ffdf,#e6c000,#c2ffdf,#ffb8d1,#c5a3ff,#f8f8f0,#6090cb,#ff857f,#c2ffdf,#ffea00,#c2ffdf,#ffb8d1,#c5a3ff,#f8f8f0
Farmhouse Dark	#1d2027	#e8e4e1	#1d2027,#ba0004,#549d00,#c87300,#0049e6,#9f1b61,#1fb65c,#e8e4e1,#394047,#eb0009,#7ac100,#ea9a00,#006efe,#bf3b7f,#19e062,#f4eef0
Farmhouse Light	#e8e4e1	#1d2027	#1d2027,#8d0003,#3a7d00,#a95600,#092ccd,#820046,#229256,#e8e4e1,#394047,#eb0009,#7ac100,#ea9a00,#006efe,#bf3b7f,#19e062,#f4eef0
Fideloper	#292f33	#dbdae0	#292f33,#cb1e2d,#edb8ac,#b7ab9b,#2e78c2,#c0236f,#309186,#eae3ce,#092028,#d4605a,#d4605a,#a86671,#7c85c4,#5c5db2,#819090,#fcf4df
Firefly Traditional	#000000	#f5f5f5	#000000,#c23720,#33bc26,#afad24,#5a63ff,#d53ad2,#33bbc7,#cccccc,#828282,#ff3b1e,#2ee720,#ecec16,#838dff,#ff5cfe,#29f0f0,#ebebeb
Firefox Dev	#0e1011	#7c8fa4	#002831,#e63853,#5eb83c,#a57706,#359ddf,#d75cff,#4b73a2,#dcdcdc,#001e27,#e1003f,#1d9000,#cd9409,#006fc0,#a200da,#005794,#e2e2e2
Firewatch	#1e2027	#9ba2b2	#585f6d,#d95360,#5ab977,#dfb563,#4d89c4,#d55119,#44a8b6,#e6e5ff,#585f6d,#d95360,#5ab977,#dfb563,#4c89c5,#d55119,#44a8b6,#e6e5ff
Fish Tank	#232537	#ecf0fe	#03073c,#c6004a,#acf157,#fecd5e,#525fb8,#986f82,#968763,#ecf0fc,#6c5b30,#da4b8a,#dbffa9,#fee6a9,#b2befa,#fda5cd,#a5bd86,#f6ffec
Flat	#002240	#2cc55d	#222d3f,#a82320,#32a548,#e58d11,#3167ac,#781aa0,#2c9370,#b0b6ba,#212c3c,#d4312e,#2d9440,#e5be0c,#3c7dd2,#8230a7,#35b387,#e7eced
Flatland	#1d1f21	#b8dbef	#1d1d19,#f18339,#9fd364,#f4ef6d,#5096be,#695abc,#d63865,#ffffff,#1d1d19,#d22a24,#a7d42c,#ff8949,#61b9d0,#695abc,#d63865,#ffffff
Flexoki Dark	#100f0f	#cecdc3	#100f0f,#d14d41,#879a39,#d0a215,#4385be,#ce5d97,#3aa99f,#878580,#575653,#af3029,#66800b,#ad8301,#205ea6,#a02f6f,#24837b,#cecdc3
Flexoki Light	#fffcf0	#100f0f	#100f0f,#af3029,#66800b,#ad8301,#205ea6,#a02f6f,#24837b,#6f6e69,#b7b5ac,#d14d41,#879a39,#d0a215,#4385be,#ce5d97,#3aa99f,#cecdc3
Floraverse	#0e0d15	#dbd1b9	#08002e,#64002c,#5d731a,#cd751c,#1d6da1,#b7077e,#42a38c,#f3e0b8,#331e4d,#d02063,#b4ce59,#fac357,#40a4cf,#f12aae,#62caa8,#fff5db
Forest Blue	#051519	#e2d8cd	#333333,#f8818e,#92d3a2,#1a8e63,#8ed0ce,#5e468c,#31658c,#e2d8cd,#3d3d3d,#fb3d66,#6bb48d,#30c85a,#39a7a2,#7e62b3,#6096bf,#e2d8cd
Framer	#111111	#777777	#141414,#ff5555,#98ec65,#ffcc33,#00aaff,#aa88ff,#88ddff,#cccccc,#414141,#ff8888,#b6f292,#ffd966,#33bbff,#cebbff,#bbecff,#ffffff
Front End Delight	#1b1c1d	#adadad	#242526,#f8511b,#565747,#fa771d,#2c70b7,#f02e4f,#3ca1a6,#adadad,#5fac6d,#f74319,#74ec4c,#fdc325,#3393ca,#e75e4f,#4fbce6,#8c735b
Fun Forrest	#251200	#dec165	#000000,#d6262b,#919c00,#be8a13,#4699a3,#8d4331,#da8213,#ddc265,#7f6a55,#e55a1c,#bfc65a,#ffcb1b,#7cc9cf,#d26349,#e6a96b,#ffeaa3
Galaxy	#1d2837	#ffffff	#000000,#f9555f,#21b089,#fef02a,#589df6,#944d95,#1f9ee7,#bbbbbb,#555555,#fa8c8f,#35bb9a,#ffff55,#589df6,#e75699,#3979bc,#ffffff
Galizur	#071317	#ddeeff	#223344,#aa1122,#33aa11,#ccaa22,#2255cc,#7755aa,#22bbdd,#8899aa,#556677,#ff1133,#33ff11,#ffdd33,#3377ff,#aa77ff,#33ddff,#bbccdd
Ghostty Default Style Dark	#292c33	#ffffff	#1d1f21,#bf6b69,#b7bd73,#e9c880,#88a1bb,#ad95b8,#95bdb7,#c5c8c6,#666666,#c55757,#bcc95f,#e1c65e,#83a5d6,#bc99d4,#83beb1,#eaeaea
GitHub	#f4f4f4	#3e3e3e	#3e3e3e,#970b16,#07962a,#f8eec7,#003e8a,#e94691,#89d1ec,#ffffff,#666666,#de0000,#87d5a2,#f1d007,#2e6cba,#ffa29f,#1cfafe,#ffffff
GitHub Dark	#101216	#8b949e	#000000,#f78166,#56d364,#e3b341,#6ca4f8,#db61a2,#2b7489,#ffffff,#4d4d4d,#f78166,#56d364,#e3b341,#6ca4f8,#db61a2,#2b7489,#ffffff
GitHub Dark Colorblind	#0d1117	#c9d1d9	#484f58,#ec8e2c,#58a6ff,#d29922,#58a6ff,#bc8cff,#39c5cf,#b1bac4,#6e7681,#fdac54,#79c0ff,#e3b341,#79c0ff,#d2a8ff,#56d4dd,#ffffff
GitHub Dark Default	#0d1117	#e6edf3	#484f58,#ff7b72,#3fb950,#d29922,#58a6ff,#bc8cff,#39c5cf,#b1bac4,#6e7681,#ffa198,#56d364,#e3b341,#79c0ff,#d2a8ff,#56d4dd,#ffffff
GitHub Dark Dimmed	#22272e	#adbac7	#545d68,#f47067,#57ab5a,#c69026,#539bf5,#b083f0,#39c5cf,#909dab,#636e7b,#ff938a,#6bc46d,#daaa3f,#6cb6ff,#dcbdfb,#56d4dd,#cdd9e5
GitHub Dark High Contrast	#0a0c10	#f0f3f6	#7a828e,#ff9492,#26cd4d,#f0b72f,#71b7ff,#cb9eff,#39c5cf,#d9dee3,#9ea7b3,#ffb1af,#4ae168,#f7c843,#91cbff,#dbb7ff,#56d4dd,#ffffff
GitHub Light Colorblind	#ffffff	#24292f	#24292f,#b35900,#0550ae,#4d2d00,#0969da,#8250df,#1b7c83,#6e7781,#57606a,#8a4600,#0969da,#633c01,#218bff,#a475f9,#3192aa,#8c959f
GitHub Light Default	#ffffff	#1f2328	#24292f,#cf222e,#116329,#4d2d00,#0969da,#8250df,#1b7c83,#6e7781,#57606a,#a40e26,#1a7f37,#633c01,#218bff,#a475f9,#3192aa,#8c959f
GitHub Light High Contrast	#ffffff	#0e1116	#0e1116,#a0111f,#024c1a,#3f2200,#0349b4,#622cbc,#1b7c83,#66707b,#4b535d,#86061d,#055d20,#4e2c00,#1168e3,#844ae7,#3192aa,#88929d
GitLab Dark	#28262b	#ffffff	#000000,#f57f6c,#52b87a,#d99530,#7fb6ed,#f88aaf,#32c5d2,#ffffff,#666666,#fcb5aa,#91d4a8,#e9be74,#498dd1,#fcacc5,#5edee3,#ffffff
GitLab Dark Grey	#222222	#ffffff	#000000,#f57f6c,#52b87a,#d99530,#7fb6ed,#f88aaf,#32c5d2,#ffffff,#666666,#fcb5aa,#91d4a8,#e9be74,#498dd1,#fcacc5,#5edee3,#ffffff
GitLab Light	#fafaff	#303030	#303030,#a31700,#0a7f3d,#af551d,#006cd8,#583cac,#00798a,#303030,#303030,#a31700,#0a7f3d,#af551d,#006cd8,#583cac,#00798a,#303030
Glacier	#0c1115	#ffffff	#2e343c,#bd0f2f,#35a770,#fb9435,#1f5872,#bd2523,#778397,#ffffff,#404a55,#bd0f2f,#49e998,#fddf6e,#2a8bc1,#ea4727,#a0b6d3,#ffffff
Gleam	#292d3e	#ffffff	#000000,#f44747,#aadd8b,#ffd596,#6796e6,#fe7ab2,#b181ec,#f7f7f7,#808080,#ff4a4a,#c8ffa7,#fdffab,#9ce7ff,#ffaff3,#d9baff,#ffffff
Gleam Classic	#1e1e1e	#ffffff	#000000,#f44747,#aadd8b,#ffd596,#6796e6,#fe7ab2,#b181ec,#f7f7f7,#808080,#ff4a4a,#c8ffa7,#fdffab,#9ce7ff,#ffaff3,#d9baff,#ffffff
Grape	#171423	#9f9fa1	#2d283f,#ed2261,#1fa91b,#8ddc20,#487df4,#8d35c9,#3bdeed,#9e9ea0,#59516a,#f0729a,#53aa5e,#b2dc87,#a9bcec,#ad81c2,#9de3eb,#a288f7
Grass	#13773d	#fff0a5	#000000,#bb0000,#00bb00,#e7b000,#0000a3,#950062,#00bbbb,#bbbbbb,#555555,#bb0000,#00bb00,#e7b000,#0000bb,#ff55ff,#55ffff,#ffffff
Grey Green	#002a1a	#ffffff	#000000,#fe1414,#74ff00,#f1ff01,#00deff,#ff00f0,#00ffbc,#ffffff,#666666,#ff3939,#00ff44,#ffd100,#00afff,#ff008a,#00ffd3,#f5ecec
Gruber Darker	#181818	#e4e4e4	#181818,#f43841,#73d936,#ffdd33,#96a6c8,#9e95c7,#95a99f,#e4e4e4,#52494e,#ff4f58,#73d936,#ffdd33,#96a6c8,#afafd7,#95a99f,#f5f5f5
Gruvbox Dark	#282828	#ebdbb2	#282828,#cc241d,#98971a,#d79921,#458588,#b16286,#689d6a,#a89984,#928374,#fb4934,#b8bb26,#fabd2f,#83a598,#d3869b,#8ec07c,#ebdbb2
Gruvbox Dark Hard	#1d2021	#ebdbb2	#1d2021,#cc241d,#98971a,#d79921,#458588,#b16286,#689d6a,#a89984,#928374,#fb4934,#b8bb26,#fabd2f,#83a598,#d3869b,#8ec07c,#ebdbb2
Gruvbox Light	#fbf1c7	#3c3836	#fbf1c7,#cc241d,#98971a,#d79921,#458588,#b16286,#689d6a,#7c6f64,#928374,#9d0006,#79740e,#b57614,#076678,#8f3f71,#427b58,#3c3836
Gruvbox Light Hard	#f9f5d7	#3c3836	#f9f5d7,#cc241d,#98971a,#d79921,#458588,#b16286,#689d6a,#7c6f64,#928374,#9d0006,#79740e,#b57614,#076678,#8f3f71,#427b58,#3c3836
Gruvbox Material	#1d2021	#d4be98	#141617,#ea6926,#c1d041,#eecf75,#6da3ec,#fd9bc1,#fe9d6e,#ffffff,#4c4c4c,#d3573b,#c1d041,#eecf75,#2c86ff,#fd9bc1,#92a5df,#ffffff
Gruvbox Material Dark	#282828	#d4be98	#282828,#ea6962,#a9b665,#d8a657,#7daea3,#d3869b,#89b482,#d4be98,#7c6f64,#ea6962,#a9b665,#d8a657,#7daea3,#d3869b,#89b482,#ddc7a1
Gruvbox Material Light	#fbf1c7	#654735	#fbf1c7,#c14a4a,#6c782e,#b47109,#45707a,#945e80,#4c7a5d,#654735,#a89984,#c14a4a,#6c782e,#b47109,#45707a,#945e80,#4c7a5d,#4f3829
Guezwhoz	#1d1d1d	#d9d9d9	#333333,#e85181,#7ad694,#b7d074,#5aa0d6,#9a90e0,#58d6ce,#d9d9d9,#808080,#e85181,#afd7af,#d1ed85,#64b2ed,#a398ed,#61ede4,#ededed
Hacktober	#141414	#c9c9c9	#191918,#b34538,#587744,#d08949,#206ec5,#864651,#ac9166,#f1eee7,#2c2b2a,#b33323,#42824a,#c75a22,#5389c5,#e795a5,#ebc587,#ffffff
Hardcore	#121212	#a0a0a0	#1b1d1e,#f92672,#a6e22e,#fd971f,#66d9ef,#9e6ffe,#5e7175,#ccccc6,#505354,#ff669d,#beed5f,#e6db74,#66d9ef,#9e6ffe,#a3babf,#f8f8f2
Harper	#010101	#a8a49d	#010101,#f8b63f,#7fb5e1,#d6da25,#489e48,#b296c6,#f5bfd7,#a8a49d,#726e6a,#f8b63f,#7fb5e1,#d6da25,#489e48,#b296c6,#f5bfd7,#fefbea
Havn Daggry	#f8f9fb	#3e4a77	#212840,#8f564b,#5c705b,#b36f00,#40567a,#775d93,#8a5a7e,#d7dbea,#212840,#bd533e,#79957b,#f3b550,#6988bc,#7b7393,#a4879c,#d7dbea
Havn Skumring	#121521	#d7dbea	#262c45,#d96048,#7cab7f,#eeb64e,#5d6bef,#7a729a,#ca8cbe,#dde0ed,#212840,#c47768,#8f9d90,#e4c693,#5d85c6,#967de7,#c57eb3,#fdf6e3
HaX0R Blue	#010515	#11b7ff	#010921,#10b6ff,#10b6ff,#10b6ff,#10b6ff,#10b6ff,#10b6ff,#fafafa,#080117,#00b3f7,#00b3f7,#00b3f7,#00b3f7,#00b3f7,#00b3f7,#fefefe
HaX0R Gr33N	#020f01	#16b10e	#001f0b,#15d00d,#15d00d,#15d00d,#15d00d,#15d00d,#15d00d,#fafafa,#001510,#19e20e,#19e20e,#19e20e,#19e20e,#19e20e,#19e20e,#fefefe
HaX0R R3D	#200101	#b10e0e	#1f0000,#b00d0d,#b00d0d,#b00d0d,#b00d0d,#b00d0d,#b00d0d,#fafafa,#150000,#ff1111,#ff1010,#ff1010,#ff1010,#ff1010,#ff1010,#fefefe
Heeler	#211f44	#fdfdfd	#000000,#d3573b,#c1d041,#eecf75,#6da3ec,#fd9bc1,#fe9d6e,#ffffff,#000000,#d3573b,#c1d041,#eecf75,#2c86ff,#fd9bc1,#92a5df,#ffffff
Highway	#222225	#ededed	#000000,#d00e18,#138034,#ffcb3e,#006bb3,#6b2775,#384564,#ededed,#5d504a,#f07e18,#b1d130,#fff120,#4fc2fd,#de0071,#5d504a,#ffffff
Hipster Green	#100b05	#84c138	#000000,#b6214a,#00a600,#bfbf00,#246eb2,#b200b2,#00a6b2,#bfbfbf,#666666,#e50000,#86a93e,#e5e500,#0000ff,#e500e5,#00e5e5,#e5e5e5
Hivacruz	#132638	#ede4e4	#202746,#c94922,#ac9739,#c08b30,#3d8fd1,#6679cc,#22a2c9,#979db4,#6b7394,#c76b29,#73ad43,#5e6687,#898ea4,#dfe2f1,#9c637a,#f5f7ff
Homebrew	#000000	#00ff00	#000000,#990000,#00a600,#999900,#0000b2,#b200b2,#00a6b2,#bfbfbf,#666666,#e50000,#00d900,#e5e500,#0000ff,#e500e5,#00e5e5,#e5e5e5
Hopscotch	#322931	#b9b5b8	#322931,#dd464c,#8fc13e,#fdcc59,#1290bf,#c85e7c,#149b93,#b9b5b8,#797379,#fd8b19,#433b42,#5c545b,#989498,#d5d3d5,#b33508,#ffffff
Hopscotch.256	#322931	#b9b5b8	#322931,#dd464c,#8fc13e,#fdcc59,#1290bf,#c85e7c,#149b93,#b9b5b8,#797379,#dd464c,#8fc13e,#fdcc59,#1290bf,#c85e7c,#149b93,#ffffff
Horizon	#1c1e26	#d5d8da	#000000,#e95678,#29d398,#fab795,#26bbd9,#ee64ac,#59e1e3,#e5e5e5,#666666,#ec6a88,#3fdaa4,#fbc3a7,#3fc4de,#f075b5,#6be4e6,#e5e5e5
Horizon Bright	#fbf0ee	#16161c	#16161c,#e95678,#29d398,#fab795,#26bbd9,#ee64ae,#59e3e3,#fdf0ed,#1a1c23,#ec6a88,#3fdaa4,#fbc3a7,#3fc6de,#f075b7,#6be6e6,#fff3f0
Hot Dog Stand	#ea3323	#ffffff	#000000,#ffff54,#ffff54,#ffff54,#000000,#ffff54,#ffffff,#c6c6c6,#000000,#ffff54,#ffff54,#ffff54,#000000,#ffff54,#ffffff,#c6c6c6
Hot Dog Stand (Mustard)	#ffff54	#000000	#000000,#ea3323,#ea3323,#ea3323,#000000,#ea3323,#000000,#b9b9b9,#000000,#ea3323,#ea3323,#ea3323,#000000,#ea3323,#000000,#c6c6c6
Hurtado	#000000	#dbdbdb	#575757,#ff1b00,#a5e055,#fbe74a,#496487,#fd5ff1,#86e9fe,#cbcccb,#262626,#d51d00,#a5df55,#fbe84a,#89beff,#c001c1,#86eafe,#dbdbdb
Hybrid	#161719	#b7bcba	#2a2e33,#b84d51,#b3bf5a,#e4b55e,#6e90b0,#a17eac,#7fbfb4,#b5b9b6,#1d1f22,#8d2e32,#798431,#e58a50,#4b6b88,#6e5079,#4d7b74,#5a626a
IBM 5153 CGA	#141414	#cecece	#141414,#d03333,#1bd01b,#d08c1b,#1b1bd0,#d01bd0,#1bd0d0,#cecece,#4e4e4e,#dc4e4e,#4edc4e,#f3f34e,#4e4edc,#f34ef3,#4ef3f3,#ffffff
IBM 5153 CGA (Black)	#000000	#c4c4c4	#000000,#c40000,#00c400,#c47e00,#0000c4,#c400c4,#00c4c4,#c4c4c4,#4e4e4e,#dc4e4e,#4edc4e,#f3f34e,#4e4edc,#f34ef3,#4ef3f3,#ffffff
IC Green PPL	#2c2c2c	#e0f1dc	#014401,#ff2736,#41a638,#76a831,#2ec3b9,#50a096,#3ca078,#e6fef2,#035c03,#b4fa5c,#aefb86,#dafa87,#2efaeb,#50fafa,#3cfac8,#e0f1dc
IC Orange PPL	#262626	#ffcb83	#000000,#c13900,#a4a900,#caaf00,#bd6d00,#fc5e00,#f79500,#ffc88a,#6a4f2a,#ff8c68,#f6ff40,#ffe36e,#ffbe55,#fc874f,#c69752,#fafaff
Iceberg Dark	#161821	#c6c8d1	#1e2132,#e27878,#b4be82,#e2a478,#84a0c6,#a093c7,#89b8c2,#c6c8d1,#6b7089,#e98989,#c0ca8e,#e9b189,#91acd1,#ada0d3,#95c4ce,#d2d4de
Iceberg Light	#e8e9ec	#33374c	#dcdfe7,#cc517a,#668e3d,#c57339,#2d539e,#7759b4,#3f83a6,#33374c,#8389a3,#cc3768,#598030,#b6662d,#22478e,#6845ad,#327698,#262a3f
Idea	#202020	#adadad	#adadad,#fc5256,#98b61c,#ccb444,#437ee7,#9d74b0,#248887,#181818,#ffffff,#fc7072,#98b61c,#ffff0b,#6c9ced,#fc7eff,#248887,#181818
Idle Toes	#323232	#ffffff	#323232,#d25252,#7fe173,#ffc66d,#4099ff,#f680ff,#bed6ff,#eeeeec,#535353,#f07070,#9dff91,#ffe48b,#5eb7f7,#ff9dff,#dcf4ff,#ffffff
IR Black	#000000	#f1f1f1	#4f4f4f,#fa6c60,#a8ff60,#fffeb7,#96cafe,#fa73fd,#c6c5fe,#efedef,#7b7b7b,#fcb6b0,#cfffab,#ffffcc,#b5dcff,#fb9cfe,#e0e0fe,#ffffff
IRIX Console	#0c0c0c	#f2f2f2	#1a1919,#d42426,#37a327,#c29d28,#0739e2,#911f9c,#4497df,#cccccc,#767676,#f34f59,#45c731,#f9f2a7,#4079ff,#c31ba2,#6ed7d7,#f2f2f2
IRIX Terminal	#000043	#f2f2f2	#1a1919,#ff2b1e,#57ff3d,#ffff44,#0004ff,#ff2cff,#56ffff,#ffffff,#ffff44,#ffff44,#ffff44,#fffc72,#ffff44,#ffff44,#ffff44,#ffff44
iTerm2 Dark Background	#000000	#c7c7c7	#000000,#c91b00,#00c200,#c7c400,#0225c7,#ca30c7,#00c5c7,#c7c7c7,#686868,#ff6e67,#5ffa68,#fffc67,#6871ff,#ff77ff,#60fdff,#ffffff
iTerm2 Default	#000000	#ffffff	#000000,#c91b00,#00c200,#c7c400,#2225c4,#ca30c7,#00c5c7,#ffffff,#686868,#ff6e67,#5ffa68,#fffc67,#6871ff,#ff77ff,#60fdff,#ffffff
iTerm2 Light Background	#ffffff	#000000	#000000,#c91b00,#00c200,#c7c400,#0225c7,#ca30c7,#00c5c7,#c7c7c7,#686868,#ff6e67,#5ffa68,#fffc67,#6871ff,#ff77ff,#60fdff,#ffffff
iTerm2 Pastel Dark Background	#000000	#c7c7c7	#626262,#ff8373,#b4fb73,#fffdc3,#a5d5fe,#ff90fe,#d1d1fe,#f1f1f1,#8f8f8f,#ffc4be,#d6fcba,#fffed5,#c2e3ff,#ffb2fe,#e6e6fe,#ffffff
iTerm2 Smoooooth	#15191f	#dcdcdc	#14191e,#b43c2a,#00c200,#c7c400,#2744c7,#c040be,#00c5c7,#c7c7c7,#686868,#dd7975,#58e790,#ece100,#a7abf2,#e17ee1,#60fdff,#ffffff
iTerm2 Solarized Dark	#002b36	#839496	#073642,#dc322f,#859900,#b58900,#268bd2,#d33682,#2aa198,#eee8d5,#002b36,#cb4b16,#586e75,#657b83,#839496,#6c71c4,#93a1a1,#fdf6e3
iTerm2 Solarized Light	#fdf6e3	#657b83	#073642,#dc322f,#859900,#b58900,#268bd2,#d33682,#2aa198,#eee8d5,#002b36,#cb4b16,#586e75,#657b83,#839496,#6c71c4,#93a1a1,#fdf6e3
iTerm2 Tango Dark	#000000	#ffffff	#000000,#d81e00,#5ea702,#cfae00,#427ab3,#89658e,#00a7aa,#dbded8,#686a66,#f54235,#99e343,#fdeb61,#84b0d8,#bc94b7,#37e6e8,#f1f1f0
iTerm2 Tango Light	#ffffff	#000000	#000000,#d81e00,#5ea702,#cfae00,#427ab3,#89658e,#00a7aa,#dbded8,#686a66,#f54235,#99e343,#fdeb61,#84b0d8,#bc94b7,#37e6e8,#f1f1f0
Jackie Brown	#2c1d16	#ffcc2f	#2c1d16,#ef5734,#2baf2b,#bebf00,#246eb2,#d05ec1,#00acee,#bfbfbf,#666666,#e50000,#86a93e,#e5e500,#0000ff,#e500e5,#00e5e5,#e5e5e5
Japanesque	#1e1e1e	#f7f6ec	#343935,#cf3f61,#7bb75b,#e9b32a,#4c9ad4,#a57fc4,#389aad,#fafaf6,#595b59,#d18fa6,#767f2c,#78592f,#135979,#604291,#76bbca,#b2b5ae
Jellybeans	#121212	#dedede	#929292,#e27373,#94b979,#ffba7b,#97bedc,#e1c0fa,#00988e,#dedede,#bdbdbd,#ffa1a1,#bddeab,#ffdca0,#b1d8f6,#fbdaff,#1ab2a8,#ffffff
JetBrains Darcula	#202020	#adadad	#000000,#fa5355,#126e00,#c2c300,#4581eb,#fa54ff,#33c2c1,#adadad,#555555,#fb7172,#67ff4f,#ffff00,#6d9df1,#fb82ff,#60d3d1,#eeeeee
JetCalm Light	#ededed	#1c2410	#383a42,#a52a2a,#556b2f,#5c3e00,#4682b4,#a626a4,#0997b3,#6b8e23,#4f525d,#df6c75,#2e8b57,#808000,#008080,#c577dd,#008080,#7b8d9e
Jubi	#262b33	#c3d3de	#3b3750,#cf7b98,#90a94b,#6ebfc0,#576ea6,#bc4f68,#75a7d2,#c3d3de,#a874ce,#de90ab,#bcdd61,#87e9ea,#8c9fcd,#e16c87,#b7c9ef,#d5e5f1
Kanagawa Dragon	#181616	#c5c9c5	#0d0c0c,#c4746e,#8a9a7b,#c4b28a,#8ba4b0,#a292a3,#8ea4a2,#c8c093,#a6a69c,#e46876,#87a987,#e6c384,#7fb4ca,#938aa9,#7aa89f,#c5c9c5
Kanagawa Lotus	#f2ecbc	#545464	#1f1f28,#c84053,#6f894e,#77713f,#4d699b,#b35b79,#597b75,#545464,#8a8980,#d7474b,#6e915f,#836f4a,#6693bf,#624c83,#5e857a,#43436c
Kanagawa Wave	#1f1f28	#dcd7ba	#090618,#c34043,#76946a,#c0a36e,#7e9cd8,#957fb8,#6a9589,#c8c093,#727169,#e82424,#98bb6c,#e6c384,#7fb4ca,#938aa9,#7aa89f,#dcd7ba
Kanagawabones	#1f1f28	#ddd8bb	#1f1f28,#e46a78,#98bc6d,#e5c283,#7eb3c9,#957fb8,#7eb3c9,#ddd8bb,#3c3c51,#ec818c,#9ec967,#f1c982,#7bc2df,#a98fd2,#7bc2df,#a8a48d
Kanso Ink	#14171d	#c5c9c7	#14171d,#c4746e,#8a9a7b,#c4b28a,#8ba4b0,#a292a3,#8ea4a2,#c8c093,#a4a7a4,#e46876,#87a987,#e6c384,#7fb4ca,#938aa9,#7aa89f,#c5c9c7
Kanso Mist	#22262d	#c5c9c7	#22262d,#c4746e,#8a9a7b,#c4b28a,#8ba4b0,#a292a3,#8ea4a2,#a4a7a4,#5c6066,#e46876,#87a987,#e6c384,#7fb4ca,#938aa9,#7aa89f,#c5c9c7
Kanso Pearl	#f2f1ef	#22262d	#22262d,#c84053,#6f894e,#77713f,#4d699b,#b35b79,#597b75,#545464,#6d6f6e,#d7474b,#6e915f,#836f4a,#6693bf,#624c83,#5e857a,#43436c
Kanso Zen	#090e13	#c5c9c7	#0d0c0c,#c4746e,#8a9a7b,#c4b28a,#8ba4b0,#a292a3,#8ea4a2,#c8c093,#a4a7a4,#e46876,#87a987,#e6c384,#7fb4ca,#938aa9,#7aa89f,#c5c9c7
Karasu Night	#0a0a0a	#e7e5e4	#0a0a0a,#e06c75,#8fbf7a,#d4b86a,#7aa2c8,#b4a1d8,#76b7b2,#f5f5f5,#44403c,#ff5c5c,#a6d189,#e8d07d,#8cb4e2,#c7b3ee,#8ad4ce,#e7e5e4
Karasu Snow	#fafafa	#292524	#0a0a0a,#b84755,#3f7e4a,#8a6a1f,#2e5e9b,#6c4bb8,#2d7e7a,#f5f5f5,#404040,#d93c3c,#2f9150,#9a7a1d,#2b72c7,#7b59d6,#1f968f,#ffffff
Karma Dark	#0a0e14	#f7f1ff	#0a0e14,#fc618d,#7bd88f,#fce566,#5ad4e6,#af98e6,#5ad4e6,#bab6c0,#69676c,#ff7ba0,#9ce3ab,#fce566,#7fe0ee,#c3b0f0,#7fe0ee,#f7f1ff
Karma Dark Dimmed	#14181f	#e2def0	#14181f,#e87691,#82c891,#ebd870,#6cc4d2,#a892d4,#6cc4d2,#a8a4ae,#5c5a5f,#e8869c,#98cea4,#ebd870,#80c8d2,#b6a4d6,#80c8d2,#e2def0
Karma Dark HC	#000000	#ffffff	#000000,#ff5c87,#80e598,#fce566,#61dceb,#b9a3ee,#61dceb,#d6d2db,#69676c,#ff8aab,#a3e9b1,#fff080,#87e5f1,#cab6f4,#87e5f1,#ffffff
Karma Light	#ffffff	#0a0e14	#0a0e14,#fc618d,#2d972f,#eeae11,#5688c7,#6f42c1,#5688c7,#525053,#999999,#fc618d,#2d972f,#ffaa33,#5688c7,#a86efd,#5688c7,#0a0e14
Karma Light Dimmed	#f5f3f7	#1c1f24	#1c1f24,#e07a90,#4a9a4c,#d49a26,#6688b8,#7c5ab0,#6688b8,#5a5860,#999999,#e07a90,#4a9a4c,#e0a040,#6688b8,#9676d0,#6688b8,#1c1f24
Karma Light HC	#ffffff	#000000	#000000,#c01650,#1a6e1c,#9c6800,#2f5e9e,#4d2d9a,#2f5e9e,#2e2c30,#999999,#c01650,#1a6e1c,#9c6800,#2f5e9e,#4d2d9a,#2f5e9e,#0a0e14
Keys Ocean Sunset	#0a1018	#b8c8dc	#101927,#e85a52,#4a9a72,#e89a2e,#5288b8,#bc5090,#5ec8c8,#a5b5d5,#344658,#fc9077,#62c48e,#ffcb9a,#5a8fd4,#fdbfde,#7ed4e0,#fff5be
Keys Ocean Sunset HC	#060910	#f0f4fa	#7a92a8,#ff6361,#4ad68a,#ffa600,#6aa8f0,#de72b0,#5edee8,#c8d8ec,#8aa0b8,#ff8578,#72f0a8,#ffd380,#88c4ff,#f0a8d8,#88f0f8,#fff5be
Kibble	#0e100a	#f7f7f7	#4d4d4d,#c70031,#29cf13,#d8e30e,#3449d1,#8400ff,#0798ab,#e2d1e3,#5a5a5a,#f01578,#6ce05c,#f3f79e,#97a4f7,#c495f0,#68f2e0,#ffffff
Kitty Default	#000000	#dddddd	#000000,#cc0403,#19cb00,#cecb00,#0d73cc,#cb1ed1,#0dcdcd,#dddddd,#767676,#f2201f,#23fd00,#fffd00,#1a8fff,#fd28ff,#14ffff,#ffffff
Kitty Low Contrast	#333333	#ffffff	#000000,#cc0403,#19cb00,#cecb00,#0d73cc,#cb1ed1,#0dcdcd,#dddddd,#767676,#f2201f,#23fd00,#fffd00,#1a8fff,#fd28ff,#14ffff,#ffffff
Klein Void	#0b0d14	#ede6d3	#1a1c24,#f09890,#a6c080,#e8bc75,#002fa7,#d49bb5,#9fc0e5,#cdc7b8,#92907a,#d97757,#bcc89c,#f0c880,#a8bef0,#c8b4d4,#b0d0ed,#f5efde
Kolorit	#1d1a1e	#efecec	#1d1a1e,#ff5b82,#47d7a1,#e8e562,#5db4ee,#da6cda,#57e9eb,#ededed,#1d1a1e,#ff5b82,#47d7a1,#e8e562,#5db4ee,#da6cda,#57e9eb,#ededed
Konsolas	#060606	#c8c1c1	#000000,#aa1717,#18b218,#ebae1f,#2323a5,#ad1edc,#42b0c8,#c8c1c1,#7b716e,#ff4141,#5fff5f,#ffff55,#4b4bff,#ff54ff,#69ffff,#ffffff
Kurokula	#141515	#ddd0c4	#333333,#b66056,#85b1a9,#dbbb43,#6890d7,#887aa3,#837369,#ddd0c4,#515151,#ffc663,#c1ffae,#fff700,#a1d9ff,#a994ff,#f9cfb9,#ffffff
Lab Fox	#2e2e2e	#ffffff	#2e2e2e,#fc6d26,#3eb383,#fca121,#db3b21,#380d75,#6e49cb,#ffffff,#464646,#ff6517,#53eaa8,#fca013,#db501f,#441090,#7d53e7,#ffffff
Laser	#030d18	#f106e3	#626262,#ff8373,#b4fb73,#09b4bd,#fed300,#ff90fe,#d1d1fe,#f1f1f1,#8f8f8f,#ffc4be,#d6fcba,#fffed5,#f92883,#ffb2fe,#e6e7fe,#ffffff
Later This Evening	#222222	#959595	#2b2b2b,#d45a60,#afba67,#e5d289,#a0bad6,#c092d6,#91bfb7,#3c3d3d,#454747,#d3232f,#aabb39,#e5be39,#6699d6,#ab53d6,#5fc0ae,#c1c2c2
Lavandula	#050014	#736e7d	#230046,#7d1625,#337e6f,#7f6f49,#4f4a7f,#5a3f7f,#58777f,#736e7d,#372d46,#e05167,#52e0c4,#e0c386,#8e87e0,#a776e0,#9ad4e0,#8c91fa
Light Owl	#fbfbfb	#403f53	#403f53,#de3d3b,#08916a,#e0af02,#288ed7,#d6438a,#2aa298,#f0f0f0,#989fb1,#de3d3b,#08916a,#daaa01,#288ed7,#d6438a,#2aa298,#f0f0f0
Liquid Carbon	#303030	#afc2c2	#000000,#ff3030,#559a70,#ccac00,#0099cc,#cc69c8,#7ac4cc,#bccccc,#000000,#ff3030,#559a70,#ccac00,#0099cc,#cc69c8,#7ac4cc,#bccccc
Liquid Carbon Transparent	#000000	#afc2c2	#000000,#ff3030,#559a70,#ccac00,#0099cc,#cc69c8,#7ac4cc,#bccccc,#000000,#ff3030,#559a70,#ccac00,#0099cc,#cc69c8,#7ac4cc,#bccccc
London Bonfire Night	#0e0c0e	#e8e0c8	#1a1418,#d65a3a,#6a8a4a,#e8b048,#5a7ab8,#d76aa8,#88a8c8,#e8e0c8,#44403c,#ec7654,#88a868,#f5c25c,#7a96d0,#ed85bc,#a0bcd6,#fdf6df
London Columbia Road	#f8f5ec	#1f3a2f	#2a2520,#c14a4a,#5a8a3a,#d4a82c,#3a7a8a,#c45f8a,#5fa89a,#1f3a2f,#756a55,#d96a6a,#6ea050,#e5bc40,#5598ab,#d97aa3,#7ac0b0,#142217
London Embankment Dusk	#161f2c	#e8eef2	#1c2533,#c5573f,#6a8e85,#e2bd5c,#5e87b3,#9b86a8,#82a8b8,#e8eef2,#4a566a,#e07050,#88aaa3,#f0cd6c,#82a4cc,#b09bc0,#a0c2d0,#fafbfc
London Soho Night	#1a1612	#ebe0c8	#2a221a,#d4574a,#8fae5e,#e8b04a,#6a8fb5,#d96aa5,#9ab8a8,#ebe0c8,#6b5a48,#e87765,#aac874,#f4c560,#88a8c8,#ed85b8,#b8cebd,#f8eed2
Lovelace	#1d1f28	#fdfdfd	#282a36,#f37f97,#5adecd,#f2a272,#8897f4,#c574dd,#79e6f3,#fdfdfd,#414458,#ff4971,#18e3c8,#ff8037,#556fff,#b043d1,#3fdcee,#bebec1
Man Page	#fef49c	#000000	#000000,#cc0000,#00a600,#999900,#0000b2,#b200b2,#00a6b2,#cccccc,#666666,#e50000,#00d900,#e5e500,#0000ff,#e500e5,#00e5e5,#e5e5e5
Mariana	#343d46	#d8dee9	#000000,#ec5f66,#99c794,#f9ae58,#6699cc,#c695c6,#5fb4b4,#f7f7f7,#333333,#f97b58,#acd1a8,#fac761,#85add6,#d8b6d8,#82c4c4,#ffffff
Material	#eaeaea	#232322	#212121,#b7141f,#457b24,#f6981e,#134eb2,#560088,#0e717c,#efefef,#424242,#e83b3f,#7aba3a,#ffea2e,#54a4f3,#aa4dbc,#26bbd1,#d9d9d9
Material Dark	#232322	#e5e5e5	#212121,#b7141f,#457b24,#f6981e,#134eb2,#560088,#0e717c,#efefef,#424242,#e83b3f,#7aba3a,#ffea2e,#54a4f3,#aa4dbc,#26bbd1,#d9d9d9
Material Darker	#212121	#eeffff	#000000,#ff5370,#c3e88d,#ffcb6b,#82aaff,#c792ea,#89ddff,#ffffff,#545454,#ff5370,#c3e88d,#ffcb6b,#82aaff,#c792ea,#89ddff,#ffffff
Material Design Colors	#1d262a	#e7ebed	#435b67,#fc3841,#5cf19e,#fed032,#37b6ff,#fc226e,#59ffd1,#ffffff,#a1b0b8,#fc746d,#adf7be,#fee16c,#70cfff,#fc669b,#9affe6,#ffffff
Material Ocean	#0f111a	#8f93a2	#546e7a,#ff5370,#c3e88d,#ffcb6b,#82aaff,#c792ea,#89ddff,#ffffff,#546e7a,#ff5370,#c3e88d,#ffcb6b,#82aaff,#c792ea,#89ddff,#ffffff
Mathias	#000000	#bbbbbb	#000000,#e52222,#a6e32d,#fc951e,#c48dff,#fa2573,#67d9f0,#f2f2f2,#555555,#ff5555,#55ff55,#ffff55,#5555ff,#ff55ff,#55ffff,#ffffff
Matrix	#0f191c	#426644	#0f191c,#23755a,#82d967,#ffd700,#3f5242,#409931,#50b45a,#507350,#688060,#2fc079,#90d762,#faff00,#4f7e7e,#11ff25,#c1ff8a,#678c61
Matte Black	#121212	#bebebe	#333333,#d35f5f,#ffc107,#b91c1c,#e68e0d,#d35f5f,#bebebe,#bebebe,#8a8a8d,#891c1c,#ffc107,#b90a0a,#f59e0b,#b91c1c,#eaeaea,#ffffff
Medallion	#1d1908	#cac296	#000000,#b64c00,#7c8b16,#d3bd26,#616bb0,#8c5a90,#916c25,#cac29a,#5e5219,#ff9149,#b2ca3b,#ffe54a,#acb8ff,#ffa0ff,#ffbc51,#fed698
Melange Dark	#292522	#ece1d7	#34302c,#bd8183,#78997a,#e49b5d,#7f91b2,#b380b0,#7b9695,#c1a78e,#867462,#d47766,#85b695,#ebc06d,#a3a9ce,#cf9bc2,#89b3b6,#ece1d7
Melange Light	#f1f1f1	#54433a	#e9e1db,#c77b8b,#6e9b72,#bc5c00,#7892bd,#be79bb,#739797,#7d6658,#a98a78,#bf0021,#3a684a,#a06d00,#465aa4,#904180,#3d6568,#54433a
Mellifluous	#1a1a1a	#dadada	#1a1a1a,#d29393,#b3b393,#cbaa89,#a8a1be,#b39fb0,#c0af8c,#dadada,#5b5b5b,#c95954,#828040,#a6794c,#5a6599,#9c6995,#74a39e,#ffffff
Mellow	#161617	#c9c7cd	#27272a,#f5a191,#90b99f,#e6b99d,#aca1cf,#e29eca,#ea83a5,#c1c0d4,#353539,#ffae9f,#9dc6ac,#f0c5a9,#b9aeda,#ecaad6,#f591b2,#cac9dd
Mesila One	#1c1f23	#ecf9e5	#111418,#918680,#79c6fa,#e2b5ab,#d9c2fb,#7b70b5,#79c6fa,#ecf9e5,#7b70b5,#918680,#79c6fa,#e2b5ab,#d9c2fb,#7b70b5,#79c6fa,#ecf9e5
Miasma	#222222	#c2c2b0	#000000,#685742,#5f875f,#b36d43,#78824b,#bb7744,#c9a554,#d7c483,#666666,#685742,#5f875f,#b36d43,#78824b,#bb7744,#c9a554,#d7c483
Midnight In Mojave	#1e1e1e	#ffffff	#1e1e1e,#ff453a,#32d74b,#ffd60a,#0a84ff,#bf5af2,#5ac8fa,#ffffff,#1e1e1e,#ff453a,#32d74b,#ffd60a,#0a84ff,#bf5af2,#5ac8fa,#ffffff
Mirage	#1b2738	#a6b2c0	#011627,#ff9999,#85cc95,#ffd700,#7fb5ff,#ddb3ff,#21c7a8,#ffffff,#575656,#ff9999,#85cc95,#ffd700,#7fb5ff,#ddb3ff,#85cc95,#ffffff
Misterioso	#2d3743	#e1e1e0	#000000,#ff4242,#74af68,#ffad29,#338f86,#9414e6,#23d7d7,#e1e1e0,#555555,#ff3242,#74cd68,#ffb929,#23d7d7,#ff37ff,#00ede1,#ffffff
Modus Operandi	#ffffff	#000000	#000000,#a60000,#006800,#6f5500,#0031a9,#721045,#005e8b,#a6a6a6,#595959,#972500,#00663f,#884900,#3548cf,#531ab6,#005f5f,#595959
Modus Operandi Tinted	#fbf7f0	#000000	#000000,#a60000,#006800,#6f5500,#0031a9,#721045,#005e8b,#a6a6a6,#595959,#972500,#00663f,#884900,#3548cf,#531ab6,#005f5f,#595959
Modus Vivendi	#000000	#ffffff	#000000,#ff5f59,#44bc44,#d0bc00,#2fafff,#feacd0,#00d3d0,#a6a6a6,#595959,#ff7f9f,#00c06f,#fec43f,#79a8ff,#b6a0ff,#6ae4b9,#ffffff
Modus Vivendi Tinted	#0d0e1c	#ffffff	#0d0e1c,#ff5f59,#44bc44,#d0bc00,#2fafff,#feacd0,#00d3d0,#a6a6a6,#595959,#ff6b55,#00c06f,#fec43f,#79a8ff,#b6a0ff,#6ae4b9,#ffffff
Molokai	#121212	#bbbbbb	#121212,#fa2573,#98e123,#dfd460,#1080d0,#8700ff,#43a8d0,#bbbbbb,#555555,#f6669d,#b1e05f,#fff26d,#00afff,#af87ff,#51ceff,#ffffff
Mona Lisa	#120b0d	#f7d66a	#351b0e,#9b291c,#636232,#c36e28,#515c5d,#9b1d29,#588056,#f7d75c,#874228,#ff4331,#b4b264,#ff9566,#9eb2b4,#ff5b6a,#8acd8f,#ffe598
Monokai Classic	#272822	#fdfff1	#272822,#f92672,#a6e22e,#e6db74,#fd971f,#ae81ff,#66d9ef,#fdfff1,#6e7066,#f92672,#a6e22e,#e6db74,#fd971f,#ae81ff,#66d9ef,#fdfff1
Monokai Pro	#2d2a2e	#fcfcfa	#2d2a2e,#ff6188,#a9dc76,#ffd866,#fc9867,#ab9df2,#78dce8,#fcfcfa,#727072,#ff6188,#a9dc76,#ffd866,#fc9867,#ab9df2,#78dce8,#fcfcfa
Monokai Pro Light	#faf4f2	#29242a	#faf4f2,#e14775,#269d69,#cc7a0a,#e16032,#7058be,#1c8ca8,#29242a,#a59fa0,#e14775,#269d69,#cc7a0a,#e16032,#7058be,#1c8ca8,#29242a
Monokai Pro Light Sun	#f8efe7	#2c232e	#f8efe7,#ce4770,#218871,#b16803,#d4572b,#6851a2,#2473b6,#2c232e,#a59c9c,#ce4770,#218871,#b16803,#d4572b,#6851a2,#2473b6,#2c232e
Monokai Pro Machine	#273136	#f2fffc	#273136,#ff6d7e,#a2e57b,#ffed72,#ffb270,#baa0f8,#7cd5f1,#f2fffc,#6b7678,#ff6d7e,#a2e57b,#ffed72,#ffb270,#baa0f8,#7cd5f1,#f2fffc
Monokai Pro Octagon	#282a3a	#eaf2f1	#282a3a,#ff657a,#bad761,#ffd76d,#ff9b5e,#c39ac9,#9cd1bb,#eaf2f1,#696d77,#ff657a,#bad761,#ffd76d,#ff9b5e,#c39ac9,#9cd1bb,#eaf2f1
Monokai Pro Ristretto	#2c2525	#fff1f3	#2c2525,#fd6883,#adda78,#f9cc6c,#f38d70,#a8a9eb,#85dacc,#fff1f3,#72696a,#fd6883,#adda78,#f9cc6c,#f38d70,#a8a9eb,#85dacc,#fff1f3
Monokai Pro Spectrum	#222222	#f7f1ff	#222222,#fc618d,#7bd88f,#fce566,#fd9353,#948ae3,#5ad4e6,#f7f1ff,#69676c,#fc618d,#7bd88f,#fce566,#fd9353,#948ae3,#5ad4e6,#f7f1ff
Monokai Remastered	#0c0c0c	#d9d9d9	#1a1a1a,#f4005f,#98e024,#fd971f,#9d65ff,#f4005f,#58d1eb,#c4c5b5,#625e4c,#f4005f,#98e024,#e0d561,#9d65ff,#f4005f,#58d1eb,#f6f6ef
Monokai Soda	#1a1a1a	#c4c5b5	#1a1a1a,#f4005f,#98e024,#fa8419,#9d65ff,#f4005f,#58d1eb,#c4c5b5,#625e4c,#f4005f,#98e024,#e0d561,#9d65ff,#f4005f,#58d1eb,#f6f6ef
Monokai SublimeText	#272822	#f8f8f2	#333333,#c4265e,#86b42b,#b3b42b,#6a7ec8,#8c6bc8,#56adbc,#e3e3dd,#666666,#f92672,#a6e22e,#e2e22e,#819aff,#ae81ff,#66d9ef,#f8f8f2
Monokai Vivid	#121212	#f9f9f9	#121212,#fa2934,#98e123,#fff30a,#0443ff,#f800f8,#01b6ed,#ffffff,#838383,#f6669d,#b1e05f,#fff26d,#0443ff,#f200f6,#51ceff,#ffffff
Monospace Dark	#10151d	#a4afbd	#738295,#f76769,#17b877,#ffa23e,#708fff,#a87ffb,#25a6e9,#a4afbd,#8b98a9,#fc8f8e,#66ce98,#ffc26e,#a2b6ff,#c8aaff,#71c2ee,#fafbfe
Monospace Light	#f4f7fd	#475365	#333e4f,#d03941,#007b49,#a65921,#3c60dd,#6f4cde,#0075a2,#5d6a7d,#000000,#a52430,#00522f,#904b1a,#002487,#4d21bb,#00607e,#475365
Moonfly	#080808	#bdbdbd	#323437,#ff5454,#8cc85f,#e3c78a,#80a0ff,#cf87e8,#79dac8,#c6c6c6,#949494,#ff5189,#36c692,#c6c684,#74b2ff,#ae81ff,#85dc85,#e4e4e4
Moonwalk	#e4e2e0	#061f4a	#080808,#7a0047,#145b0e,#733a11,#002fa7,#5400a8,#00566b,#9c958d,#494440,#af1608,#4c6129,#7a5000,#0d50c5,#952197,#006092,#ffffff
N0Tch2K	#222222	#a0a0a0	#383838,#a95551,#666666,#a98051,#657d3e,#767676,#c9c9c9,#d0b8a3,#474747,#a97775,#8c8c8c,#a99175,#98bd5e,#a3a3a3,#dcdcdc,#d8c8bb
Neobones Dark	#0f191f	#c6d5cf	#0f191f,#de6e7c,#90ff6b,#b77e64,#8190d4,#b279a7,#66a5ad,#c6d5cf,#263945,#e8838f,#a0ff85,#d68c67,#92a0e2,#cf86c1,#65b8c1,#98a39e
Neobones Light	#e5ede6	#202e18	#e5ede6,#a8334c,#567a30,#944927,#286486,#88507d,#3b8992,#202e18,#b3c6b6,#94253e,#3f5a22,#803d1c,#1d5573,#7b3b70,#2b747c,#415934
Neon	#14161a	#00fffc	#000000,#ff3045,#5ffa74,#fffc7e,#0208cb,#f924e7,#00fffc,#c7c7c7,#686868,#ff5a5a,#75ff88,#fffd96,#3c40cb,#f15be5,#88fffe,#ffffff
Neon Purple	#291b47	#e5e5e5	#000000,#cd0d76,#03eba5,#fffa6a,#00bfff,#ff00e0,#9aa5ed,#ffffff,#a8fcff,#ff0da5,#00ffb6,#fff787,#1bccfd,#ff00f8,#a6b6ff,#ffffff
Neopolitan	#271f19	#ffffff	#000000,#800000,#61ce3c,#fbde2d,#253b76,#ff0080,#8da6ce,#f8f8f8,#000000,#800000,#61ce3c,#fbde2d,#253b76,#ff0080,#8da6ce,#f8f8f8
Neutron	#1c1e22	#e6e8ef	#23252b,#b54036,#5ab977,#deb566,#6a7c93,#a4799d,#3f94a8,#e6e8ef,#23252b,#b54036,#5ab977,#deb566,#6a7c93,#a4799d,#3f94a8,#ebedf2
Night Lion V1	#000000	#bbbbbb	#4c4c4c,#bb0000,#5fde8f,#f3f167,#276bd8,#bb00bb,#00dadf,#bbbbbb,#555555,#ff5555,#55ff55,#ffff55,#5555ff,#ff55ff,#55ffff,#ffffff
Night Lion V2	#171717	#bbbbbb	#4c4c4c,#bb0000,#04f623,#f3f167,#64d0f0,#ce6fdb,#00dadf,#bbbbbb,#555555,#ff5555,#7df71d,#ffff55,#62cbe8,#ff9bf5,#00ccd8,#ffffff
Night Owl	#011627	#d6deeb	#011627,#ef5350,#22da6e,#addb67,#82aaff,#c792ea,#21c7a8,#ffffff,#575656,#ef5350,#22da6e,#ffeb95,#82aaff,#c792ea,#7fdbca,#ffffff
Night Owlish Light	#ffffff	#403f53	#011627,#d3423e,#2aa298,#daaa01,#4876d6,#403f53,#08916a,#7a8181,#7a8181,#f76e6e,#49d0c5,#dac26b,#5ca7e4,#697098,#00c990,#989fb1
Nightfox	#192330	#cdcecf	#393b44,#c94f6d,#81b29a,#dbc074,#719cd6,#9d79d6,#63cdcf,#dfdfe0,#575860,#d16983,#8ebaa4,#e0c989,#86abdc,#baa1e2,#7ad5d6,#e4e4e5
Niji	#141515	#ffffff	#333333,#d23e08,#54ca74,#fff700,#2ab9ff,#ff50da,#1ef9f5,#ddd0c4,#515151,#ffb7b7,#c1ffae,#fcffb8,#8efff3,#ffa2ed,#bcffc7,#ffffff
No Clown Fiesta	#101010	#e0e1e4	#151515,#b46958,#90a959,#f4bf75,#bad7ff,#aa759f,#88afa2,#e1e1e1,#727272,#7e97ab,#90a959,#f4bf75,#bad7ff,#aa759f,#88afa2,#afafaf
No Clown Fiesta Light	#e1e1e1	#151515	#d6d6d6,#874e42,#677940,#b89058,#8ba1bf,#aa759f,#3e5f66,#151515,#2b2b2b,#637786,#677940,#b89058,#93a2ab,#aa759f,#99ab93,#373737
Nocturnal Winter	#0d0d17	#e6e5e5	#4d4d4d,#f12d52,#09cd7e,#f5f17a,#3182e0,#ff2b6d,#09c87a,#fcfcfc,#808080,#f16d86,#0ae78d,#fffc67,#6096ff,#ff78a2,#0ae78d,#ffffff
Nord	#2e3440	#d8dee9	#3b4252,#bf616a,#a3be8c,#ebcb8b,#81a1c1,#b48ead,#88c0d0,#e5e9f0,#4c566a,#bf616a,#a3be8c,#ebcb8b,#81a1c1,#b48ead,#8fbcbb,#eceff4
Nord Light	#e5e9f0	#414858	#3b4252,#bf616a,#a3be8c,#ebcb8b,#81a1c1,#b48ead,#88c0d0,#d8dee9,#4c566a,#bf616a,#a3be8c,#ebcb8b,#81a1c1,#b48ead,#8fbcbb,#eceff4
Nord Wave	#212121	#d8dee9	#3b4252,#bf616a,#a3be8c,#ebcb8b,#81a1c1,#b48ead,#88c0d0,#e5e9f0,#4c566a,#bf616a,#a3be8c,#ebcb8b,#81a1c1,#b48ead,#8fbcbb,#eceff4
Nordfox	#2e3440	#cdcecf	#3b4252,#bf616a,#a3be8c,#ebcb8b,#81a1c1,#b48ead,#88c0d0,#e5e9f0,#465780,#d06f79,#b1d196,#f0d399,#8cafd2,#c895bf,#93ccdc,#e7ecf4
Novel	#dfdbc3	#3b2322	#000000,#cc0000,#009600,#d06b00,#0000cc,#cc00cc,#0087cc,#cccccc,#808080,#cc0000,#009600,#d06b00,#0000cc,#cc00cc,#0087cc,#ffffff
novmbr	#231d1a	#c4b9ad	#282a2e,#97673d,#a0ac68,#c6a869,#457b7b,#ae8b72,#5e867f,#c4b9ad,#4e423b,#97673d,#a0ac68,#c6a869,#457b7b,#ae8b72,#5e867f,#c4b9ad
Nvim Dark	#14161b	#e0e2ea	#07080d,#ffc0b9,#b3f6c0,#fce094,#a6dbff,#ffcaff,#8cf8f7,#eef1f8,#4f5258,#ffc0b9,#b3f6c0,#fce094,#a6dbff,#ffcaff,#8cf8f7,#eef1f8
Nvim Light	#e0e2ea	#14161b	#07080d,#590008,#005523,#6b5300,#004c73,#470045,#007373,#eef1f8,#4f5258,#590008,#005523,#6b5300,#004c73,#470045,#007373,#eef1f8
Obsidian	#283033	#cdcdcd	#000000,#a60001,#00bb00,#fecd22,#3a9bdb,#bb00bb,#00bbbb,#bbbbbb,#555555,#ff0003,#93c863,#fef874,#a1d7ff,#ff55ff,#55ffff,#ffffff
Ocean	#224fbc	#ffffff	#000000,#990000,#00a600,#999900,#0000b2,#b200b2,#00a6b2,#bfbfbf,#666666,#e50000,#00d900,#e5e500,#0000ff,#e500e5,#00e5e5,#e5e5e5
Oceanic Material	#1c262b	#c2c8d7	#000000,#ee2b2a,#40a33f,#ffea2e,#1e80f0,#8800a0,#16afca,#a4a4a4,#777777,#dc5c60,#70be71,#fff163,#54a4f3,#aa4dbc,#42c7da,#ffffff
Oceanic Next	#1b2b34	#c1c5cd	#1b2b34,#db686b,#a2c699,#f2ca73,#7198c8,#bd96c2,#74b1b2,#ffffff,#68737d,#db686b,#a2c699,#f2ca73,#7198c8,#bd96c2,#74b1b2,#ffffff
Ollie	#222125	#8a8dae	#000000,#ac2e31,#31ac61,#ac4300,#2d57ac,#b08528,#1fa6ac,#8a8eac,#5b3725,#ff3d48,#3bff99,#ff5e1e,#4488ff,#ffc21d,#1ffaff,#5b6ea7
One Dark Two	#21252b	#e6e6e6	#1d1f23,#e27881,#98c379,#eac786,#71b9f4,#c88bda,#62bac6,#c9ccd3,#4a505a,#e68991,#a8cc8e,#edcf97,#8dc7f6,#d3a2e2,#78c4ce,#e6e6e6
One Double Dark	#292c33	#dcdfe4	#3e4451,#e06c75,#98c379,#e5c07b,#61afef,#c678dd,#56b6c2,#dcdfe4,#545d6d,#fd807f,#96d58b,#edc273,#84c8ff,#ee82ee,#3ae1f7,#f7f9fc
One Double Light	#fafafa	#383a42	#464b57,#e45649,#50a14f,#c18401,#0184bc,#a626a4,#0997b3,#e8d9d9,#0f131e,#f24c2d,#3db637,#e09d00,#2e63d6,#d21fd1,#06b1d8,#ffffff
One Half Dark	#282c34	#dcdfe4	#282c34,#e06c75,#98c379,#e5c07b,#61afef,#c678dd,#56b6c2,#dcdfe4,#5d677a,#e06c75,#98c379,#e5c07b,#61afef,#c678dd,#56b6c2,#dcdfe4
One Half Light	#fafafa	#383a42	#383a42,#e45649,#50a14f,#c18401,#0184bc,#a626a4,#0997b3,#fafafa,#4f525e,#e06c75,#98c379,#e5c07b,#61afef,#c678dd,#56b6c2,#ffffff
Onenord	#2e3440	#e5e9f0	#3b4252,#e06c75,#9ec183,#ebcb8b,#81a1c1,#b988b0,#88c0d0,#e5e9f0,#4c566a,#e06c75,#9ec183,#ebcb8b,#81a1c1,#b988b0,#8fbcbb,#eceff4
Onenord Light	#f7f8fa	#2e3440	#2e3440,#cb4f53,#48a53d,#ee5e25,#3879c5,#9f4aca,#3ea1ad,#e5e9f0,#646a76,#d16366,#5f9e9d,#ba793e,#1b40a6,#9665af,#8fbcbb,#eceff4
Operator Mono Dark	#191919	#c3cac2	#5a5a5a,#ca372d,#4d7b3a,#d4d697,#4387cf,#b86cb4,#72d5c6,#ced4cd,#9a9b99,#c37d62,#83d0a2,#fdfdc5,#89d3f6,#ff2c7a,#82eada,#fdfdf6
Overnight Slumber	#0e1729	#ced2d6	#0a1222,#ffa7c4,#85cc95,#ffcb8b,#8dabe1,#c792eb,#78ccf0,#ffffff,#575656,#ffa7c4,#85cc95,#ffcb8b,#8dabe1,#c792eb,#ffa7c4,#ffffff
owl	#2f2b2c	#dedede	#302c2c,#5a5a5a,#989898,#cacaca,#656565,#b1b1b1,#7f7f7f,#dedede,#5d595b,#da5b2c,#989898,#cacaca,#656565,#b1b1b1,#7f7f7f,#ffffff
Oxide	#161616	#cecece	#262626,#ed756e,#5bb661,#c39900,#3ba6f5,#968ff7,#00baaa,#cecece,#8f8f8f,#ff9890,#7bd77f,#e3b831,#6fc6ff,#b5b2ff,#00dcca,#dedede
Oxocarbon	#161616	#f2f4f8	#161616,#3ddbd9,#33b1ff,#ee5396,#42be65,#be95ff,#ff7eb6,#f2f4f8,#585858,#3ddbd9,#33b1ff,#ee5396,#42be65,#be95ff,#ff7eb6,#f2f4f8
Pale Night Hc	#3e4251	#cccccc	#000000,#f07178,#c3e88d,#ffcb6b,#82aaff,#c792ea,#89ddff,#ffffff,#666666,#f6a9ae,#dbf1ba,#ffdfa6,#b4ccff,#ddbdf2,#b8eaff,#999999
Pandora	#141e43	#e1e1e1	#000000,#ff4242,#74af68,#ffad29,#338f86,#9414e6,#23d7d7,#e2e2e2,#3f5648,#ff3242,#74cd68,#ffb929,#23d7d7,#ff37ff,#00ede1,#ffffff
Paraiso Dark	#2f1e2e	#a39e9b	#2f1e2e,#ef6155,#48b685,#fec418,#06b6ef,#815ba4,#5bc4bf,#a39e9b,#776e71,#ef6155,#48b685,#fec418,#06b6ef,#815ba4,#5bc4bf,#e7e9db
Patina Dark	#121212	#dbd7ca	#2e2e2e,#cb7676,#4d9375,#e6cc77,#6db3c2,#c98a7d,#5da9a7,#dbd7ca,#585858,#cb7676,#4d9375,#e6cc77,#6db3c2,#c98a7d,#5da9a7,#dbd7ca
Patina Dark Soft	#1a1a1a	#dbd7ca	#2e2e2e,#cb7676,#549c7d,#e6cc77,#6db3c2,#c98a7d,#5da9a7,#dbd7ca,#585858,#cb7676,#549c7d,#e6cc77,#6db3c2,#c98a7d,#5da9a7,#dbd7ca
Patina Lichen	#cdd1c6	#393a34	#393a34,#8b4646,#33644d,#7f5031,#35616d,#854b3f,#2a6361,#5a5248,#5b5b54,#8b4646,#426338,#7f5031,#35616d,#854b3f,#2a6361,#393a34
Patina Light	#ddd7c4	#2e2a24	#2e2a24,#9b3b3b,#34644c,#6e5817,#2f626f,#7a4f47,#2e6260,#5a5248,#625a51,#833333,#2d5839,#634e14,#2c5660,#6d463e,#285654,#393a34
Patina Moss	#20231f	#dbd7ca	#33362e,#c07878,#5ba886,#d4bf6e,#65a8b5,#c08a7d,#63a8a6,#dbd7ca,#585b51,#c07878,#5ba886,#d4bf6e,#65a8b5,#c08a7d,#63a8a6,#dbd7ca
Patina Stellar	#f5f2ed	#2e2a24	#2e2a24,#a84040,#3a7055,#6e5817,#2f626f,#8a5a50,#387775,#5a5248,#6a6258,#bf3c3c,#3e7a5e,#826743,#3f7381,#9d594b,#337675,#393a34
Paul Millr	#000000	#f2f2f2	#2a2a2a,#ff0000,#79ff0f,#e7bf00,#396bd7,#b449be,#66ccff,#bbbbbb,#666666,#ff0080,#66ff66,#f3d64e,#709aed,#db67e6,#7adff2,#ffffff
Pencil Dark	#212121	#f1f1f1	#212121,#c30771,#10a778,#a89c14,#008ec4,#523c79,#20a5ba,#d9d9d9,#424242,#fb007a,#5fd7af,#f3e430,#20bbfc,#6855de,#4fb8cc,#f1f1f1
Pencil Light	#f1f1f1	#424242	#212121,#c30771,#10a778,#a89c14,#008ec4,#523c79,#20a5ba,#d9d9d9,#424242,#fb007a,#5fd7af,#f3e430,#20bbfc,#6855de,#4fb8cc,#f1f1f1
Peppermint	#000000	#c8c8c8	#353535,#e74669,#89d287,#dab853,#449fd0,#da62dc,#65aaaf,#b4b4b4,#535353,#e4859b,#a3cca2,#e1e487,#6fbce2,#e586e7,#96dcdb,#dfdfdf
Phala Green Dark	#000000	#cdfa50	#000000,#9d2814,#4aae31,#a9a733,#0c23b8,#b23bba,#4bb1bd,#cbcbcb,#797979,#da3b20,#5dd83f,#e9e74a,#1432f5,#da4be3,#64e5e8,#eaeaea
Piatto Light	#ffffff	#414141	#414141,#b23771,#66781e,#cd6f34,#3c5ea8,#a454b2,#66781e,#ffffff,#3f3f3f,#db3365,#829429,#cd6f34,#3c5ea8,#a454b2,#829429,#f2f2f2
Pierre Dark	#070707	#fbfbfb	#141415,#ff2e3f,#0dbe4e,#ffca00,#009fff,#c635e4,#08c0ef,#c6c6c8,#6c6c71,#ff6762,#5ecc71,#ffd452,#69b1ff,#d568ea,#68cdf2,#fbfbfb
Pierre Light	#ffffff	#070707	#1f1f21,#d52c36,#1d8138,#ac8816,#216cab,#a631be,#2182a1,#79797f,#8e8e95,#ff2e3f,#0dbe4e,#d5a910,#009fff,#c635e4,#08c0ef,#dbdbdd
Pnevma	#1c1c1c	#d0d0d0	#2f2e2d,#a36666,#90a57d,#d7af87,#7fa5bd,#c79ec4,#8adbb4,#d0d0d0,#4a4845,#d78787,#afbea2,#e4c9af,#a1bdce,#d7beda,#b1e7dd,#efefef
Poimandres	#1a1e28	#a6accd	#1a1e28,#d0679d,#5de4c7,#fffac2,#89ddff,#fcc5e9,#add7ff,#ffffff,#a6accd,#d0679d,#5de4c7,#fffac2,#add7ff,#fae4fc,#89ddff,#ffffff
Poimandres Darker	#16161e	#a6accd	#16161e,#d0679d,#5de4c7,#fffac2,#89ddff,#fcc5e9,#add7ff,#ffffff,#a6accd,#d0679d,#5de4c7,#fffac2,#add7ff,#fae4fc,#89ddff,#ffffff
Poimandres Storm	#252b37	#a6accd	#252b37,#d0679d,#5de4c7,#fffac2,#89ddff,#f087bd,#89ddff,#ffffff,#a6accd,#d0679d,#5de4c7,#fffac2,#add7ff,#f087bd,#add7ff,#ffffff
Poimandres White	#fefeff	#969cbd	#fefeff,#ff2090,#01dab2,#e5ba4e,#8abacd,#eb8394,#8abacd,#000000,#969cbd,#ff2090,#01dab2,#e5ba4e,#0ebfff,#eb8394,#0ebfff,#000000
Popping And Locking	#181921	#ebdbb2	#1d2021,#cc241d,#98971a,#d79921,#458588,#b16286,#689d6a,#a89984,#928374,#f42c3e,#b8bb26,#fabd2f,#99c6ca,#d3869b,#7ec16e,#ebdbb2
Powershell	#052454	#f6f6f7	#000000,#981a22,#098003,#c4a000,#4140c3,#d33682,#0e807f,#7f7c7f,#808080,#ef2929,#1cfe3c,#fefe45,#268ad2,#fe13fa,#29fffe,#c2c1c3
Primary	#ffffff	#000000	#000000,#db4437,#0f9d58,#f4b400,#4285f4,#db4437,#4285f4,#ffffff,#000000,#db4437,#0f9d58,#f4b400,#4285f4,#4285f4,#0f9d58,#ffffff
Pro	#000000	#f2f2f2	#000000,#990000,#00a600,#999900,#2009db,#b200b2,#00a6b2,#bfbfbf,#666666,#e50000,#00d900,#e5e500,#0000ff,#e500e5,#00e5e5,#e5e5e5
Pro Light	#ffffff	#191919	#000000,#e5492b,#50d148,#c6c440,#3b75ff,#ed66e8,#4ed2de,#dcdcdc,#9f9f9f,#ff6640,#61ef57,#f2f156,#0082ff,#ff7eff,#61f7f8,#f2f2f2
Purple Rain	#21084a	#fffbf6	#000000,#ff260e,#9be205,#ffc400,#00a2fa,#815bb5,#00deef,#ffffff,#565656,#ff4250,#b8e36e,#ffd852,#00a6ff,#ac7bf0,#74fdf3,#ffffff
Purplepeter	#2a1a4a	#ece7fa	#0a0520,#ff796d,#99b481,#efdfac,#66d9ef,#e78fcd,#ba8cff,#ffba81,#100b23,#f99f92,#b4be8f,#f2e9bf,#79daed,#ba91d4,#a0a0d6,#b9aed3
Rapture	#111e2a	#c0c9e5	#000000,#fc644d,#7afde1,#fff09b,#6c9bf5,#ff4fa1,#64e0ff,#c0c9e5,#304b66,#fc644d,#7afde1,#fff09b,#6c9bf5,#ff4fa1,#64e0ff,#ffffff
Raycast Dark	#1a1a1a	#ffffff	#000000,#ff5360,#59d499,#ffc531,#56c2ff,#cf2f98,#52eee5,#ffffff,#000000,#ff6363,#59d499,#ffc531,#56c2ff,#cf2f98,#52eee5,#ffffff
Raycast Light	#ffffff	#000000	#000000,#b12424,#006b4f,#f8a300,#138af2,#9a1b6e,#3eb8bf,#ffffff,#000000,#b12424,#006b4f,#f8a300,#138af2,#9a1b6e,#3eb8bf,#ffffff
Rebecca	#292a44	#e8e6ed	#12131e,#dd7755,#04dbb5,#f2e7b7,#7aa5ff,#bf9cf9,#56d3c2,#e4e3e9,#666699,#ff92cd,#01eac0,#fffca8,#69c0fa,#c17ff8,#8bfde1,#f4f2f9
Red Alert	#762423	#ffffff	#000000,#d62e4e,#71be6b,#beb86b,#489bee,#e979d7,#6bbeb8,#d6d6d6,#262626,#e02553,#aff08c,#dfddb7,#65aaf1,#ddb7df,#b7dfdd,#ffffff
Red Planet	#222222	#c2b790	#202020,#8c3432,#728271,#e8bf6a,#69819e,#896492,#5b8390,#b9aa99,#676767,#b55242,#869985,#ebeb91,#60827e,#de4974,#38add8,#d6bfb8
Red Sands	#7a251e	#d7c9a7	#000000,#ff3f00,#00bb00,#e7b000,#0072ff,#bb00bb,#00bbbb,#bbbbbb,#555555,#bb0000,#00bb00,#e7b000,#0072ae,#ff55ff,#55ffff,#ffffff
Relaxed	#353a44	#d9d9d9	#151515,#bc5653,#909d63,#ebc17a,#6a8799,#b06698,#c9dfff,#d9d9d9,#636363,#bc5653,#a0ac77,#ebc17a,#7eaac7,#b06698,#acbbd0,#f7f7f7
Retro	#000000	#13a10e	#13a10e,#13a10e,#13a10e,#13a10e,#13a10e,#13a10e,#13a10e,#13a10e,#16ba10,#16ba10,#16ba10,#16ba10,#16ba10,#16ba10,#16ba10,#16ba10
Retro Legends	#0d0d0d	#45eb45	#262626,#de5454,#45eb45,#f7bf2b,#4066f2,#bf4cf2,#40d9e6,#bfe6bf,#4c594c,#ff6666,#59ff59,#ffd933,#4c80ff,#e666ff,#59e6ff,#f2fff2
Rippedcasts	#2b2b2b	#ffffff	#000000,#cdaf95,#a8ff60,#bfbb1f,#75a5b0,#ff73fd,#5a647e,#bfbfbf,#666666,#eecbad,#bcee68,#e5e500,#86bdc9,#e500e5,#8c9bc4,#e5e5e5
Rose Pine	#191724	#e0def4	#26233a,#eb6f92,#31748f,#f6c177,#9ccfd8,#c4a7e7,#ebbcba,#e0def4,#6e6a86,#eb6f92,#31748f,#f6c177,#9ccfd8,#c4a7e7,#ebbcba,#e0def4
Rose Pine Dawn	#faf4ed	#575279	#f2e9e1,#b4637a,#286983,#ea9d34,#56949f,#907aa9,#d7827e,#575279,#9893a5,#b4637a,#286983,#ea9d34,#56949f,#907aa9,#d7827e,#575279
Rose Pine Moon	#232136	#e0def4	#393552,#eb6f92,#3e8fb0,#f6c177,#9ccfd8,#c4a7e7,#ea9a97,#e0def4,#6e6a86,#eb6f92,#3e8fb0,#f6c177,#9ccfd8,#c4a7e7,#ea9a97,#e0def4
Rouge 2	#17182b	#a2a3aa	#5d5d6b,#c6797e,#969e92,#dbcdab,#6e94b9,#4c4e78,#8ab6c1,#e8e8ea,#616274,#c6797e,#e6dcc4,#e6dcc4,#98b3cd,#8283a1,#abcbd3,#e8e8ea
Royal	#100815	#514968	#241f2b,#91284c,#23801c,#b49d27,#6580b0,#674d96,#8aaabe,#524966,#312d3d,#d5356c,#2cd946,#fde83b,#90baf9,#a479e3,#acd4eb,#9e8cbd
Ryuuko	#2c3941	#ececec	#2c3941,#865f5b,#66907d,#b1a990,#6a8e95,#b18a73,#88b2ac,#ececec,#5d7079,#865f5b,#66907d,#b1a990,#6a8e95,#b18a73,#88b2ac,#ececec
Sakura	#18131e	#dd7bdc	#000000,#d52370,#41af1a,#bc7053,#6964ab,#c71fbf,#939393,#998eac,#786d69,#f41d99,#22e529,#f59574,#9892f1,#e90cdd,#eeeeee,#cbb6ff
Sandstone Classic	#fdf6e3	#3d5259	#073642,#cf2522,#5d7b00,#865e00,#0d6eb2,#c42a78,#037a71,#6e6855,#3d5259,#c04010,#5e7171,#5b7070,#5c6f6f,#5f64b7,#5f6e6e,#fdf6e3
Sandstone Ink	#fdf6e3	#2b3d45	#002b36,#cf2522,#4b7000,#906800,#0d6fa8,#b5006e,#00756d,#6e6855,#2b3d45,#b33000,#536868,#566c6c,#5c6f6f,#5f64b7,#5f6e6e,#fdf6e3
Sandstone Warm	#fdf6e3	#3e3220	#2e2010,#cf2522,#5d7b00,#865e00,#0d6eb2,#b52d6e,#037a71,#756c51,#5c4a2a,#c04010,#7f6648,#7d6646,#5c6f6f,#5f64b7,#5f6e6e,#fdf6e3
Sauber	#f0fee8	#2244ed	#15191e,#a74532,#57bf38,#c7c43f,#2e43c0,#b149b8,#59c2c6,#c7c7c7,#686868,#d07e78,#82e498,#eae24a,#a7abed,#d483dc,#3d898e,#9f8133
Scarlet Protocol	#1c153d	#e41951	#101116,#ff0051,#00dc84,#faf945,#0271b6,#ca30c7,#00c5c7,#c7c7c7,#686868,#ff6e67,#5ffa68,#fffc67,#6871ff,#bd35ec,#60fdff,#ffffff
Sea Shells	#09141b	#deb88d	#17384c,#d15123,#027c9b,#fca02f,#1e4950,#68d4f1,#50a3b5,#deb88d,#434b53,#d48678,#628d98,#fdd39f,#1bbcdd,#bbe3ee,#87acb4,#fee4ce
Seafoam Pastel	#243435	#d4e7d4	#757575,#825d4d,#728c62,#ada16d,#4d7b82,#8a7267,#729494,#e0e0e0,#8a8a8a,#cf937a,#98d9aa,#fae79d,#7ac3cf,#d6b2a1,#ade0e0,#e0e0e0
SeedFlip Abyss	#050510	#e0e0f0	#030308,#d26060,#60d286,#d2bf60,#6090d2,#d260d2,#60d2d2,#f1f1f8,#3d3d70,#e39c9c,#9ce3b3,#e3d79c,#9cb9e3,#e39ce3,#9ce3e3,#ffffff
SeedFlip Amethyst	#f8f7f6	#1a0a2e	#d7d1cb,#bd0f0f,#0fbd49,#bda00f,#0f58bd,#bd0fbd,#0fbdbd,#0e0519,#b5aba0,#ee2b2b,#12d452,#d4b312,#2b7cee,#ee2bee,#05c8c8,#1a0a2e
SeedFlip Canopy	#0f1714	#ededed	#0b110f,#d65c5c,#5cd685,#d6c25c,#5c8fd6,#d65cd6,#5cd6d6,#fafafa,#2d453c,#e69999,#99e6b2,#e6d999,#99b9e6,#e699e6,#99e6e6,#ffffff
SeedFlip Carbon	#fafafa	#000000	#d4d4d4,#993333,#339955,#998833,#335d99,#993399,#339999,#000000,#aeaeae,#c65353,#53c679,#c6b353,#5383c6,#c653c6,#53c6c6,#000000
SeedFlip Coral	#ffffff	#1d1d1d	#d9d9d9,#bd0f0f,#0fbd49,#bda00f,#0f58bd,#bd0fbd,#0fbdbd,#101010,#b3b3b3,#ee2b2b,#12d452,#e1c01e,#2b7cee,#ee2bee,#12d4d4,#1d1d1d
SeedFlip Ember	#0a0a0a	#ededed	#050505,#f04242,#42f07c,#f0d342,#428bf0,#f042f0,#42f0f0,#fafafa,#3d3d3d,#f58989,#89f5ad,#f5e389,#89b6f5,#f589f5,#89f5f5,#ffffff
SeedFlip Glacier	#f8fafc	#0f172a	#c2d4e5,#bd0f0f,#0fbd49,#bda00f,#0f58bd,#bd0fbd,#0fbdbd,#080d17,#8dadce,#ee2b2b,#12d452,#d4b312,#2b7cee,#ee2bee,#12d4d4,#0f172a
SeedFlip Inkwell	#0a0a0a	#e8e4df	#050505,#cc6666,#66cc88,#ccbb66,#6690cc,#cc66cc,#66cccc,#f3f1ee,#3d3d3d,#df9f9f,#9fdfb5,#dfd49f,#9fbadf,#df9fdf,#9fdfdf,#ffffff
SeedFlip Ivory	#ffffff	#0a2540	#d9d9d9,#bd0f0f,#0fbd49,#bda00f,#0f58bd,#bd0fbd,#0fbdbd,#07182a,#b3b3b3,#ee2b2b,#12d452,#e1c01e,#2b7cee,#ee2bee,#12d4d4,#0a2540
SeedFlip Nightfall	#0a0a0f	#e4e4e7	#060609,#f04242,#42f07c,#f0d342,#428bf0,#f042f0,#42f0f0,#f2f2f3,#424256,#f58989,#89f5ad,#f5e389,#89b6f5,#f589f5,#89f5f5,#ffffff
SeedFlip Phosphor	#0c0c0c	#b3ffb3	#070707,#f04242,#42f07c,#f0d342,#428bf0,#f042f0,#42f0f0,#cdffcd,#3f3f3f,#f58989,#89f5ad,#f5e389,#89b6f5,#f589f5,#89f5f5,#ffffff
SeedFlip Pulse	#121212	#ffffff	#0d0d0d,#e34f4f,#4fe380,#e3cb4f,#4f8de3,#e34fe3,#4fe3e3,#ffffff,#454545,#ee9191,#91eeb0,#eede91,#91b8ee,#ee91ee,#91eeee,#ffffff
SeedFlip Ultraviolet	#0b0014	#e8e0f5	#05000a,#f04242,#42f07c,#f0d342,#428bf0,#f042f0,#42f0f0,#f6f3fb,#5b2687,#f58989,#89f5ad,#f5e389,#89b6f5,#f589f5,#89f5f5,#ffffff
SeedFlip Voltage	#0a0a0a	#f0f0f0	#050505,#f04242,#42f07c,#f0d342,#428bf0,#f042f0,#42f0f0,#fdfdfd,#3d3d3d,#f58989,#89f5ad,#f5e389,#89b6f5,#f589f5,#89f5f5,#ffffff
SeedFlip Wavelength	#0d1117	#e6edf3	#090c10,#d55d5d,#5dd585,#d5c15d,#5d8fd5,#d55dd5,#5dd5d5,#f7f9fb,#364255,#e59a9a,#9ae5b3,#e5d89a,#9ab9e5,#e59ae5,#9ae5e5,#ffffff
Selenized Black	#181818	#b9b9b9	#252525,#ed4a46,#70b433,#dbb32d,#368aeb,#eb6eb7,#3fc5b7,#b9b9b9,#777777,#ff5e56,#83c746,#efc541,#4f9cfe,#ff81ca,#56d8c9,#dedede
Selenized Dark	#103c48	#adbcbc	#184956,#fa5750,#75b938,#dbb32d,#4695f7,#f275be,#41c7b9,#adbcbc,#72898f,#ff665c,#84c747,#ebc13d,#58a3ff,#ff84cd,#53d6c7,#cad8d9
Selenized Light	#fbf3db	#53676d	#ece3cc,#d2212d,#489100,#ad8900,#0072d4,#ca4898,#009c8f,#53676d,#909995,#cc1729,#428b00,#a78300,#006dce,#c44392,#00978a,#3a4d53
Seoulbones Dark	#4b4b4b	#dddddd	#4b4b4b,#e388a3,#98bd99,#ffdf9b,#97bdde,#a5a6c5,#6fbdbe,#dddddd,#6c6465,#eb99b1,#8fcd92,#ffe5b3,#a2c8e9,#b2b3da,#6bcacb,#a8a8a8
Seoulbones Light	#e2e2e2	#555555	#e2e2e2,#dc5284,#628562,#c48562,#0084a3,#896788,#008586,#555555,#bfbabb,#be3c6d,#487249,#a76b48,#006f89,#7f4c7e,#006f70,#777777
Sequoia Monochrome Dark	#0f1014	#868690	#131317,#999eb2,#626983,#d3d5de,#7c829d,#e2e4ed,#b6bac8,#868690,#575861,#999eb2,#626983,#d3d5de,#7c829d,#e2e4ed,#b6bac8,#868690
Sequoia Monochrome Light	#edeef2	#282930	#d4d5dc,#525666,#2e3038,#50535e,#5f6370,#25262d,#454752,#282930,#42434e,#525666,#2e3038,#50535e,#5f6370,#25262d,#454752,#282930
Sequoia Moonlight Dark	#0f1014	#868690	#131317,#f58ee0,#8eb6f5,#9898a6,#c58fff,#fdfdfe,#ffbb88,#868690,#575861,#f58ee0,#8eb6f5,#9898a6,#c58fff,#fdfdfe,#ffbb88,#868690
Sequoia Moonlight Light	#edeef2	#282930	#d4d5dc,#c94da8,#4a85d4,#6a6a78,#9a5fd9,#282930,#d9884a,#282930,#42434e,#c94da8,#4a85d4,#6a6a78,#9a5fd9,#282930,#d9884a,#282930
Sequoia Retro Dark	#0f1014	#868690	#131317,#829fa7,#648f68,#da674b,#5c87a4,#e8b246,#a27e57,#868690,#575861,#e8b246,#648f68,#da674b,#5c87a4,#829fa7,#a27e57,#868690
Sequoia Retro Light	#edeef2	#282930	#d4d5dc,#5f7982,#4a704e,#bf5238,#456a82,#c99730,#8a6539,#282930,#42434e,#c99730,#4a704e,#bf5238,#456a82,#5f7982,#8a6539,#282930
Serendipity Midnight	#151726	#dee0ef	#232534,#ee8679,#5ba2d0,#a78bfa,#94b8ff,#9ccfd8,#f8d2c9,#dee0ef,#8d8f9e,#ee8679,#5ba2d0,#a78bfa,#94b8ff,#9ccfd8,#f8d2c9,#dee0ef
Serendipity Morning	#f6f7fb	#3f4363	#ccd0dc,#c25a4d,#2f7aab,#785fd0,#6288d8,#629aa5,#e58678,#3f4363,#505575,#c25a4d,#2f7aab,#785fd0,#6288d8,#629aa5,#e58678,#3f4363
Serendipity Sunset	#202231	#dee0ef	#363847,#d1918f,#709bbd,#a392dc,#a0b6e8,#aac9d4,#d6b4b4,#dee0ef,#6b6d7c,#d1918f,#709bbd,#a392dc,#a0b6e8,#aac9d4,#d6b4b4,#dee0ef
Seti	#111213	#cacecd	#323232,#c22832,#8ec43d,#e0c64f,#43a5d5,#8b57b5,#8ec43d,#eeeeee,#323232,#c22832,#8ec43d,#e0c64f,#43a5d5,#8b57b5,#8ec43d,#ffffff
Shades Of Purple	#1e1d40	#ffffff	#000000,#d90429,#3ad900,#ffe700,#6943ff,#ff2c70,#00c5c7,#c7c7c7,#686868,#f92a1c,#43d426,#f1d000,#6871ff,#ff77ff,#79e8fb,#ffffff
Shaman	#001015	#405555	#012026,#b2302d,#00a941,#5e8baa,#449a86,#00599d,#5d7e19,#405555,#384451,#ff4242,#2aea5e,#8ed4fd,#61d5ba,#1298ff,#98d028,#58fbd6
Shokunin	#fcfaf2	#303841	#303841,#c84053,#157a5b,#9a6000,#006fae,#8f4155,#006c7f,#f5f1e7,#777269,#d95a66,#1b8e6a,#b67608,#0084c7,#a75b73,#008396,#ffffff
Slate	#222222	#35b1d2	#222222,#e2a8bf,#81d778,#c4c9c0,#264b49,#a481d3,#15ab9c,#02c5e0,#ffffff,#ffcdd9,#beffa8,#d0ccca,#7ab0d2,#c5a7d9,#8cdfe0,#e0e0e0
Sleepy Hollow	#121214	#af9a91	#572100,#ba3934,#91773f,#b55600,#5f63b4,#a17c7b,#8faea9,#af9a91,#4e4b61,#d9443f,#d6b04e,#f66813,#8086ef,#e2c2bb,#a4dce7,#d2c7a9
Smyck	#1b1b1b	#f7f7f7	#000000,#b84131,#7da900,#c4a500,#62a3c4,#ba8acc,#207383,#a1a1a1,#7a7a7a,#d6837c,#c4f137,#fee14d,#8dcff0,#f79aff,#6ad9cf,#f7f7f7
Snazzy	#1e1f29	#ebece6	#000000,#fc4346,#50fb7c,#f0fb8c,#49baff,#fc4cb4,#8be9fe,#ededec,#555555,#fc4346,#50fb7c,#f0fb8c,#49baff,#fc4cb4,#8be9fe,#ededec
Snazzy Soft	#282a36	#eff0eb	#000000,#ff5c57,#5af78e,#f3f99d,#57c7ff,#ff6ac1,#9aedfe,#f1f1f0,#686868,#ff5c57,#5af78e,#f3f99d,#57c7ff,#ff6ac1,#9aedfe,#f1f1f0
Soft Server	#242626	#99a3a2	#000000,#a2686a,#9aa56a,#a3906a,#6b8fa3,#6a71a3,#6ba58f,#99a3a2,#666c6c,#dd5c60,#bfdf55,#deb360,#62b1df,#606edf,#64e39c,#d2e0de
Solarized Darcula	#3d3f41	#d2d8d9	#25292a,#f24840,#629655,#b68800,#2075c7,#797fd4,#15968d,#d2d8d9,#25292a,#f24840,#629655,#b68800,#2075c7,#797fd4,#15968d,#d2d8d9
Solarized Dark Higher Contrast	#001e27	#9cc2c3	#002831,#d11c24,#6cbe6c,#a57706,#2176c7,#c61c6f,#259286,#eae3cb,#006488,#f5163b,#51ef84,#b27e28,#178ec8,#e24d8e,#00b39e,#fcf4dc
Solarized Dark Patched	#001e27	#708284	#002831,#d11c24,#738a05,#a57706,#2176c7,#c61c6f,#259286,#eae3cb,#475b62,#bd3613,#475b62,#536870,#708284,#5956ba,#819090,#fcf4dc
Solarized Osaka Night	#1a1b25	#c2caf1	#15161d,#e77d8f,#a8cd76,#d8b172,#82a1f1,#b69bf1,#90cdfa,#aab1d3,#424866,#e77d8f,#a8cd76,#d8b172,#82a1f1,#b69bf1,#90cdfa,#c2caf1
Sonokai	#2c2e34	#e2e2e3	#181819,#fc5d7c,#9ed072,#e7c664,#76cce0,#b39df3,#f39660,#e2e2e3,#7f8490,#fc5d7c,#9ed072,#e7c664,#76cce0,#b39df3,#f39660,#e2e2e3
Spacedust	#0a1e24	#ecf0c1	#6e5346,#e35b00,#5cab96,#e3cd7b,#0f548b,#e35b00,#06afc7,#f0f1ce,#684c31,#ff8a3a,#aecab8,#ffc878,#67a0ce,#ff8a3a,#83a7b4,#fefff1
Spacegray	#20242d	#b3b8c3	#000000,#b04b57,#87b379,#e5c179,#7d8fa4,#a47996,#85a7a5,#b3b8c3,#000000,#b04b57,#87b379,#e5c179,#7d8fa4,#a47996,#85a7a5,#ffffff
Spacegray Bright	#2a2e3a	#f3f3f3	#080808,#bc5553,#a0b56c,#f6c987,#7baec1,#b98aae,#85c9b8,#d8d8d8,#626262,#bc5553,#a0b56c,#f6c987,#7baec1,#b98aae,#85c9b8,#f7f7f7
Spacegray Eighties	#222222	#bdbaae	#15171c,#ec5f67,#81a764,#fec254,#5486c0,#bf83c1,#57c2c1,#efece7,#555555,#ff6973,#93d493,#ffd256,#4d84d1,#ff55ff,#83e9e4,#ffffff
Spacegray Eighties Dull	#222222	#c9c6bc	#15171c,#b24a56,#92b477,#c6735a,#7c8fa5,#a5789e,#80cdcb,#b3b8c3,#555555,#ec5f67,#89e986,#fec254,#5486c0,#bf83c1,#58c2c1,#ffffff
Spiderman	#1b1d1e	#e3e3e3	#1b1d1e,#e60813,#e22928,#e24756,#2c3fff,#2435db,#3256ff,#fffef6,#505354,#ff0325,#ff3338,#fe3a35,#1d50ff,#747cff,#6184ff,#fffff9
Spring	#ffffff	#4d4d4c	#000000,#ff4d83,#1f8c3b,#1fc95b,#1dd3ee,#8959a8,#3e999f,#ffffff,#000000,#ff0021,#1fc231,#d5b807,#15a9fd,#8959a8,#3e999f,#ffffff
Square	#1a1a1a	#acacab	#050505,#e9897c,#b6377d,#ecebbe,#a9cdeb,#75507b,#c9caec,#f2f2f2,#141414,#f99286,#c3f786,#fcfbcc,#b6defb,#ad7fa8,#d7d9fc,#e2e2e2
Squintless	#f2e5bc	#3c3836	#f2e5bc,#9d0006,#79740e,#b57614,#076678,#8f3f71,#427b58,#7c6f64,#928374,#9d0006,#79740e,#b57614,#076678,#8f3f71,#427b58,#3c3836
Squirrelsong Dark	#352a21	#ad9c8b	#352a21,#ac493e,#558240,#ceb250,#5993c2,#7f61b3,#4f9593,#cfbaa5,#6b503c,#ce574a,#719955,#e2c358,#63a2d6,#9672d4,#72aaa8,#edd5be
Srcery	#1c1b19	#fce8c3	#1c1b19,#ef2f27,#519f50,#fbb829,#2c78bf,#e02c6d,#0aaeb3,#baa67f,#918175,#f75341,#98bc37,#fed06e,#68a8e4,#ff5c8f,#2be4d0,#fce8c3
Starlight	#242424	#ffffff	#242424,#e2425d,#66b238,#dec541,#54aad0,#e8b2f8,#5abf9b,#e6e6e6,#616161,#ec5b58,#6bd162,#e9e85c,#78c3f3,#f2afee,#6adcc5,#ffffff
Sublette	#202535	#ccced0	#253045,#ee5577,#55ee77,#ffdd88,#5588ff,#ff77cc,#44eeee,#f5f5da,#405570,#ee6655,#99ee77,#ffff77,#77bbff,#aa88ff,#55ffbb,#ffffee
Subliminal	#282c35	#d4d4d4	#7f7f7f,#e15a60,#a9cfa4,#ffe2a9,#6699cc,#f1a5ab,#5fb3b3,#d4d4d4,#7f7f7f,#e15a60,#a9cfa4,#ffe2a9,#6699cc,#f1a5ab,#5fb3b3,#d4d4d4
Sugarplum	#111147	#db7ddd	#111147,#5ca8dc,#53b397,#249a84,#db7ddd,#d0beee,#f9f3f9,#a175d4,#111147,#5cb5dc,#52deb5,#01f5c7,#fa5dfd,#c6a5fd,#ffffff,#b577fd
Sumi Linen	#e6dfd0	#1c1814	#3a342c,#b83830,#2e8050,#a87820,#3060a0,#704890,#18786c,#5a5448,#6a6458,#c84840,#3a9868,#c09030,#4080c0,#8858a8,#28a090,#14100c
Sumi Phosphor	#12100e	#bab4a8	#1e1a16,#d45848,#5ca868,#d4a03c,#5a82b8,#9870b0,#2ec4b6,#8a8478,#474139,#e87060,#72c078,#e8b84c,#70a0d8,#b088c8,#48d8c8,#e0dcd4
Sundried	#1a1818	#c9c9c9	#302b2a,#a7463d,#587744,#9d602a,#485b98,#864651,#9c814f,#c9c9c9,#4d4e48,#aa000c,#128c21,#fc6a21,#7999f7,#fd8aa1,#fad484,#ffffff
Sunset Drive	#0f0f19	#ededfd	#0a0a12,#ff3366,#00f59b,#ffea00,#33a1ff,#ff66f6,#3cffed,#ededfe,#181824,#ff9a8f,#57f8bd,#ffff80,#5a9eff,#ff99ff,#80ffff,#f8f8ff
Symfonic	#000000	#ffffff	#000000,#dc322f,#56db3a,#ff8400,#0084d4,#b729d9,#ccccff,#ffffff,#1b1d21,#dc322f,#56db3a,#ff8400,#0084d4,#b729d9,#ccccff,#ffffff
Synthwave	#000000	#dad9c7	#000000,#f6188f,#1ebb2b,#fdf834,#2186ec,#f85a21,#12c3e2,#ffffff,#7f7094,#f841a0,#25c141,#fdf454,#2f9ded,#f97137,#19cde6,#ffffff
Synthwave Alpha	#241b30	#f2f2e3	#241b30,#e60a70,#00986c,#adad3e,#6e29ad,#b300ad,#00b0b1,#b9b1bc,#7f7094,#e60a70,#0ae4a4,#f9f972,#aa54f9,#ff00f6,#00fbfd,#f2f2e3
Synthwave Everything	#2a2139	#f0eff1	#fefefe,#f97e72,#72f1b8,#fede5d,#6d77b3,#c792ea,#f772e0,#fefefe,#fefefe,#f88414,#72f1b8,#fff951,#36f9f6,#e1acff,#f92aad,#fefefe
Tango Adapted	#ffffff	#000000	#000000,#ff0000,#59d600,#f0cb00,#00a2ff,#c17ecc,#00d0d6,#e6ebe1,#8f928b,#ff0013,#93ff00,#fff121,#88c9ff,#e9a7e1,#00feff,#f6f6f4
Tango Half Adapted	#ffffff	#000000	#000000,#ff0000,#4cc300,#e2c000,#008ef6,#a96cb3,#00bdc3,#e0e5db,#797d76,#ff0013,#8af600,#ffec00,#76bfff,#d898d1,#00f6fa,#f4f4f2
Tearout	#34392d	#f4d2ae	#685742,#cc967b,#97976d,#6c9861,#b5955e,#c9a554,#d7c483,#b5955e,#75644f,#cc967b,#97976d,#6c9861,#b5955e,#c9a554,#d7c483,#b5955e
Teerb	#262626	#d0d0d0	#1c1c1c,#d68686,#aed686,#d7af87,#86aed6,#d6aed6,#8adbb4,#d0d0d0,#1c1c1c,#d68686,#aed686,#e4c9af,#86aed6,#d6aed6,#b1e7dd,#efefef
Terafox	#152528	#e6eaea	#2f3239,#e85c51,#7aa4a1,#fda47f,#5a93aa,#ad5c7c,#a1cdd8,#ebebeb,#4e5157,#eb746b,#8eb2af,#fdb292,#73a3b7,#b97490,#afd4de,#eeeeee
Terminal Basic	#ffffff	#000000	#000000,#990000,#00a600,#999900,#0000b2,#b200b2,#00a6b2,#bfbfbf,#666666,#e50000,#00d900,#e5e500,#0000ff,#e500e5,#00e5e5,#e5e5e5
Terminal Basic Dark	#1d1e1d	#ffffff	#000000,#c65339,#6ac44b,#b8b74a,#6444ed,#d357db,#69c1cf,#d1d1d1,#909090,#eb5a3a,#77ea51,#efef53,#d09af9,#eb5af7,#78f1f2,#ededed
Thayer Bright	#1b1d1e	#f8f8f8	#1b1d1e,#f92672,#4df840,#f4fd22,#2757d6,#8c54fe,#38c8b5,#ccccc6,#505354,#ff5995,#b6e354,#feed6c,#3f78ff,#9e6ffe,#23cfd5,#f8f8f2
The Hulk	#1b1d1e	#b5b5b5	#1b1d1e,#269d1b,#13ce30,#63e457,#2525f5,#641f74,#378ca9,#d9d8d1,#505354,#8dff2a,#48ff77,#3afe16,#506b95,#72589d,#4085a6,#e5e6e1
Tinacious Design Dark	#1d1d26	#cbcbf0	#1d1d26,#ff3399,#00d364,#ffcc66,#00cbff,#cc66ff,#00ceca,#cbcbf0,#636667,#ff2f92,#00d364,#ffd479,#00cbff,#d783ff,#00d5d4,#d5d6f3
Tinacious Design Light	#f8f8ff	#1d1d26	#1d1d26,#ff3399,#00d364,#ffcc66,#00cbff,#cc66ff,#00ceca,#cbcbf0,#636667,#ff2f92,#00d364,#ffd479,#00cbff,#d783ff,#00d5d4,#d5d6f3
Token Dark	#262624	#e8e4dc	#1d1d1c,#c67777,#7da47a,#c4a855,#7b9ebd,#a68bbf,#6ba8a8,#d4cfc6,#5a5955,#d97757,#98bf95,#c4956a,#96b8d3,#bea5d4,#88c0c0,#e8e4dc
Token Light	#faf9f5	#2a2920	#2a2920,#b05555,#3f643c,#6e5c20,#527594,#7c619a,#2d6c6c,#b5b2ab,#6c675f,#9a4929,#3a5e37,#876032,#486a88,#6f578c,#286363,#faf9f5
TokyoNight	#1a1b26	#c0caf5	#15161e,#f7768e,#9ece6a,#e0af68,#7aa2f7,#bb9af7,#7dcfff,#a9b1d6,#414868,#f7768e,#9ece6a,#e0af68,#7aa2f7,#bb9af7,#7dcfff,#c0caf5
TokyoNight Day	#e1e2e7	#3760bf	#e9e9ed,#f52a65,#587539,#8c6c3e,#2e7de9,#9854f1,#007197,#6172b0,#a1a6c5,#f52a65,#587539,#8c6c3e,#2e7de9,#9854f1,#007197,#3760bf
TokyoNight Moon	#222436	#c8d3f5	#1b1d2b,#ff757f,#c3e88d,#ffc777,#82aaff,#c099ff,#86e1fc,#828bb8,#444a73,#ff757f,#c3e88d,#ffc777,#82aaff,#c099ff,#86e1fc,#c8d3f5
TokyoNight Night	#1a1b26	#c0caf5	#15161e,#f7768e,#9ece6a,#e0af68,#7aa2f7,#bb9af7,#7dcfff,#a9b1d6,#414868,#f7768e,#9ece6a,#e0af68,#7aa2f7,#bb9af7,#7dcfff,#c0caf5
TokyoNight Storm	#24283b	#c0caf5	#1d202f,#f7768e,#9ece6a,#e0af68,#7aa2f7,#bb9af7,#7dcfff,#a9b1d6,#414868,#f7768e,#9ece6a,#e0af68,#7aa2f7,#bb9af7,#7dcfff,#c0caf5
Tomorrow	#ffffff	#4d4d4c	#000000,#c82829,#718c00,#eab700,#4271ae,#8959a8,#3e999f,#ffffff,#000000,#c82829,#718c00,#eab700,#4271ae,#8959a8,#3e999f,#ffffff
Tomorrow Night	#1d1f21	#c5c8c6	#000000,#cc6666,#b5bd68,#f0c674,#81a2be,#b294bb,#8abeb7,#ffffff,#000000,#cc6666,#b5bd68,#f0c674,#81a2be,#b294bb,#8abeb7,#ffffff
Tomorrow Night Blue	#002451	#ffffff	#000000,#ff9da4,#d1f1a9,#ffeead,#bbdaff,#ebbbff,#99ffff,#ffffff,#000000,#ff9da4,#d1f1a9,#ffeead,#bbdaff,#ebbbff,#99ffff,#ffffff
Tomorrow Night Bright	#000000	#eaeaea	#000000,#d54e53,#b9ca4a,#e7c547,#7aa6da,#c397d8,#70c0b1,#ffffff,#000000,#d54e53,#b9ca4a,#e7c547,#7aa6da,#c397d8,#70c0b1,#ffffff
Tomorrow Night Burns	#151515	#a1b0b8	#252525,#832e31,#a63c40,#d3494e,#fc595f,#df9395,#ba8586,#f5f5f5,#5d6f71,#832e31,#a63c40,#d2494e,#fc595f,#df9395,#ba8586,#f5f5f5
Tomorrow Night Eighties	#2d2d2d	#cccccc	#000000,#f2777a,#99cc99,#ffcc66,#6699cc,#cc99cc,#66cccc,#ffffff,#000000,#f2777a,#99cc99,#ffcc66,#6699cc,#cc99cc,#66cccc,#ffffff
Toy Chest	#24364b	#31d07b	#2c3f58,#be2d26,#1a9172,#db8e27,#325d96,#8a5edc,#35a08f,#23d183,#336889,#dd5944,#31d07b,#e7d84b,#34a6da,#ae6bdc,#42c3ae,#d5d5d5
traffic	#282c30	#cbbaaa	#292d31,#8a5249,#667269,#c1a088,#535e66,#6e605e,#606e7c,#cbbaaa,#434a50,#8a5249,#667270,#c1a088,#535e66,#6e605e,#606e7c,#dacfc3
Trapped in Amber	#0a1017	#f0a020	#4a3220,#e05c1c,#7a9c4a,#f0a020,#4a7ec9,#c95a8c,#7a9ea8,#ffd9a0,#5a4a3a,#ff7832,#a8c46b,#ffd700,#6b9fff,#ff7fa8,#a5c2cc,#fff5e0
Treehouse	#191919	#786b53	#321300,#b2270e,#44a900,#aa820c,#58859a,#97363d,#b25a1e,#786b53,#433626,#ed5d20,#55f238,#f2b732,#85cfed,#e14c5a,#f07d14,#ffc800
Twilight	#141414	#ffffd4	#141414,#c06d44,#afb97a,#c2a86c,#44474a,#b4be7c,#778385,#ffffd4,#262626,#de7c4c,#ccd88c,#e2c47e,#5a5e62,#d0dc8e,#8a989b,#ffffd4
Ubuntu	#300a24	#eeeeec	#2e3436,#cc0000,#4e9a06,#c4a000,#3465a4,#75507b,#06989a,#d3d7cf,#555753,#ef2929,#8ae234,#fce94f,#729fcf,#ad7fa8,#34e2e2,#eeeeec
Ultra Dark	#000000	#ffffff	#000000,#f07178,#c3e88d,#ffcb6b,#82aaff,#c792ea,#89ddff,#cccccc,#333333,#f6a9ae,#dbf1ba,#ffdfa6,#b4ccff,#ddbdf2,#b8eaff,#ffffff
Ultra Violent	#242728	#c1c1c1	#242728,#ff0090,#b6ff00,#fff727,#47e0fb,#d731ff,#0effbb,#e1e1e1,#636667,#fb58b4,#deff8c,#ebe087,#7fecff,#e681ff,#69fcd3,#f9f9f5
Under The Sea	#011116	#ffffff	#022026,#b2302d,#00a941,#59819c,#459a86,#00599d,#5d7e19,#405555,#384451,#ff4242,#2aea5e,#8ed4fd,#61d5ba,#1298ff,#98d028,#58fbd6
Unikitty	#ff8cd9	#0b0b0b	#0c0c0c,#a80f20,#bafc8b,#eedf4b,#145fcd,#ff36a2,#6bd1bc,#e2d7e1,#434343,#d91329,#d3ffaf,#ffef50,#0075ea,#fdd5e5,#79ecd5,#fff3fe
urban	#302e38	#bca89c	#32303a,#7e444f,#7a9256,#a78560,#5f5770,#704156,#534856,#bca89c,#4e4b57,#7e444f,#7a9256,#a78560,#5f5770,#704156,#534856,#bca89c
Urple	#1b1b23	#877a9b	#000000,#b0425b,#37a415,#ad5c42,#564d9b,#6c3ca1,#808080,#87799c,#5d3225,#ff6388,#29e620,#f08161,#867aed,#a05eee,#eaeaea,#bfa3ff
Vague	#141415	#cdcdcd	#252530,#d8647e,#7fa563,#f3be7c,#6e94b2,#bb9dbd,#aeaed1,#cdcdcd,#606079,#e08398,#99b782,#f5cb96,#8ba9c1,#c9b1ca,#bebeda,#d7d7d7
Vaughn	#25234f	#dcdccc	#25234f,#705050,#60b48a,#dfaf8f,#5555ff,#f08cc3,#8cd0d3,#709080,#709080,#dca3a3,#60b48a,#f0dfaf,#5555ff,#ec93d3,#93e0e3,#ffffff
Vercel	#101010	#fafafa	#000000,#fc0036,#29a948,#ffae00,#006aff,#f32882,#00ac96,#feffff,#a8a8a8,#ff8080,#4be15d,#ffae00,#49aeff,#f97ea8,#00e4c4,#fefefe
Vesper	#101010	#ffffff	#101010,#f5a191,#90b99f,#e6b99d,#aca1cf,#e29eca,#ea83a5,#a0a0a0,#7e7e7e,#ff8080,#99ffe4,#ffc799,#b9aeda,#ecaad6,#f591b2,#ffffff
Vibrant Ink	#000000	#ffffff	#878787,#ff6600,#ccff04,#ffcc00,#44b4cc,#9933cc,#44b4cc,#f5f5f5,#555555,#ff0000,#00ff00,#ffff00,#0000ff,#ff00ff,#00ffff,#e5e5e5
Vimbones	#f0f0ca	#353535	#f0f0ca,#a8334c,#4f6c31,#944927,#286486,#88507d,#3b8992,#353535,#c6c6a3,#94253e,#3f5a22,#803d1c,#1d5573,#7b3b70,#2b747c,#5c5c5c
Violet Dark	#1c1d1f	#708284	#56595c,#c94c22,#85981c,#b4881d,#2e8bce,#d13a82,#32a198,#c9c6bd,#45484b,#bd3613,#738a04,#a57705,#2176c7,#c61c6f,#259286,#c9c6bd
Violet Light	#fcf4dc	#536870	#56595c,#c94c22,#85981c,#b4881d,#2e8bce,#d13a82,#32a198,#d3d0c9,#45484b,#bd3613,#738a04,#a57705,#2176c7,#c61c6f,#259286,#c9c6bd
Violite	#241c36	#eef4f6	#241c36,#ec7979,#79ecb3,#ece279,#a979ec,#ec79ec,#79ecec,#eef4f6,#56447a,#ef8f8f,#9fefbf,#efe78f,#b78fef,#ef8fcf,#9fefef,#f8fafc
Warm Neon	#404040	#afdab6	#000000,#e24346,#39b13a,#dae145,#4261c5,#f920fb,#2abbd4,#d0b8a3,#fefcfc,#e97071,#9cc090,#ddda7a,#7b91d6,#f674ba,#5ed1e5,#d8c8bb
Wez	#000000	#b3b3b3	#000000,#cc5555,#55cc55,#cdcd55,#5555cc,#cc55cc,#7acaca,#cccccc,#555555,#ff5555,#55ff55,#ffff55,#5555ff,#ff55ff,#55ffff,#ffffff
Whimsy	#29283b	#b3b0d6	#535178,#ef6487,#5eca89,#fdd877,#65aef7,#aa7ff0,#43c1be,#ffffff,#535178,#ef6487,#5eca89,#fdd877,#65aef7,#aa7ff0,#43c1be,#ffffff
Wild Cherry	#1f1726	#dafaff	#000507,#d94085,#2ab250,#ffd16f,#883cdc,#ececec,#c1b8b7,#fff8de,#009cc9,#da6bac,#f4dca5,#eac066,#308cba,#ae636b,#ff919d,#e4838d
Wilmersdorf	#282b33	#c6c6c6	#34373e,#e06383,#7ebebd,#cccccc,#a6c1e0,#e1c1ee,#5b94ab,#ababab,#434750,#fa7193,#8fd7d6,#d1dfff,#b2cff0,#efccfd,#69abc5,#d3d3d3
Wombat	#171717	#dedacf	#000000,#ff615a,#b1e969,#ebd99c,#5da9f6,#e86aff,#82fff7,#dedacf,#313131,#f58c80,#ddf88f,#eee5b2,#a5c7ff,#ddaaff,#b7fff9,#ffffff
Wryan	#101010	#999993	#333333,#8c4665,#287373,#7c7c99,#395573,#5e468c,#31658c,#899ca1,#3d3d3d,#bf4d80,#53a6a6,#9e9ecb,#477ab3,#7e62b3,#6096bf,#c0c0c0
Xcode Dark	#292a30	#dfdfe0	#414453,#ff8170,#78c2b3,#d9c97c,#4eb0cc,#ff7ab2,#b281eb,#dfdfe0,#7f8c98,#ff8170,#acf2e4,#ffa14f,#6bdfff,#ff7ab2,#dabaff,#dfdfe0
Xcode Dark hc	#1f1f24	#ffffff	#43454b,#ff8a7a,#83c9bc,#d9c668,#4ec4e6,#ff85b8,#cda1ff,#ffffff,#838991,#ff8a7a,#b1faeb,#ffa14f,#6bdfff,#ff85b8,#e5cfff,#ffffff
Xcode Light	#ffffff	#262626	#b4d8fd,#d12f1b,#3e8087,#78492a,#0f68a0,#ad3da4,#804fb8,#262626,#8a99a6,#d12f1b,#23575c,#78492a,#0b4f79,#ad3da4,#4b21b0,#262626
Xcode Light hc	#ffffff	#000000	#b4d8fd,#ad1805,#355d61,#78492a,#0058a1,#9c2191,#703daa,#000000,#8a99a6,#ad1805,#174145,#78492a,#003f73,#9c2191,#441ea1,#000000
Xcode WWDC	#292c36	#e7e8eb	#494d5c,#bb383a,#94c66e,#d28e5d,#8884c5,#b73999,#00aba4,#e7e8eb,#7f869e,#bb383a,#94c66e,#d28e5d,#8884c5,#b73999,#00aba4,#e7e8eb
Zenbones	#f0edec	#2c363c	#f0edec,#a8334c,#4f6c31,#944927,#286486,#88507d,#3b8992,#2c363c,#cfc1ba,#94253e,#3f5a22,#803d1c,#1d5573,#7b3b70,#2b747c,#4f5e68
Zenbones Dark	#1c1917	#b4bdc3	#1c1917,#de6e7c,#819b69,#b77e64,#6099c0,#b279a7,#66a5ad,#b4bdc3,#403833,#e8838f,#8bae68,#d68c67,#61abda,#cf86c1,#65b8c1,#888f94
Zenbones Light	#f0edec	#2c363c	#f0edec,#a8334c,#4f6c31,#944927,#286486,#88507d,#3b8992,#2c363c,#cfc1ba,#94253e,#3f5a22,#803d1c,#1d5573,#7b3b70,#2b747c,#4f5e68
Zenburn	#3f3f3f	#dcdccc	#4d4d4d,#705050,#60b48a,#f0dfaf,#506070,#dc8cc3,#8cd0d3,#dcdccc,#709080,#dca3a3,#c3bf9f,#e0cf9f,#94bff3,#ec93d3,#93e0e3,#ffffff
Zenburned	#404040	#f0e4cf	#404040,#e3716e,#819b69,#b77e64,#6099c0,#b279a7,#66a5ad,#f0e4cf,#625a5b,#ec8685,#8bae68,#d68c67,#61abda,#cf86c1,#65b8c1,#c0ab86
Zenwritten Dark	#191919	#bbbbbb	#191919,#de6e7c,#819b69,#b77e64,#6099c0,#b279a7,#66a5ad,#bbbbbb,#3d3839,#e8838f,#8bae68,#d68c67,#61abda,#cf86c1,#65b8c1,#8e8e8e
Zenwritten Light	#eeeeee	#353535	#eeeeee,#a8334c,#4f6c31,#944927,#286486,#88507d,#3b8992,#353535,#c6c3c3,#94253e,#3f5a22,#803d1c,#1d5573,#7b3b70,#2b747c,#5c5c5c
